x,y,dum,smart,eff
1,1,2.99,2.495,0.165551839
1,2,4.433,3.748,0.154522896
1,3,5.969,5.116,0.142905009
1,4,7.487,6.564,0.123280353
1,5,8.985,8.031,0.106176962
1,6,10.469,9.552,0.087591938
1,7,12.027,11.121,0.075330506
1,8,13.511,12.487,0.075790097
1,9,15.045,14,0.069458292
1,10,16.499,15.549,0.057579247
1,11,17.968,16.985,0.05470837
1,12,19.498,18.434,0.054569699
1,13,20.946,19.932,0.048410198
1,14,22.384,21.651,0.032746605
1,15,23.991,22.976,0.042307532
1,16,25.551,24.527,0.040076709
1,17,27,26.05,0.035185185
1,18,28.434,27.53,0.031792924
1,19,30.005,28.988,0.033894351
1,20,31.487,30.562,0.029377203
1,21,33.056,32.125,0.028164327
1,22,34.624,33.592,0.029805915
1,23,35.958,35.052,0.025196062
1,24,37.543,36.587,0.025464134
1,25,39.059,38.013,0.026779999
1,26,40.519,39.704,0.020114021
1,27,41.945,41.071,0.02083681
1,28,43.603,42.413,0.0272917
1,29,44.996,44.082,0.020312917
1,30,46.6,45.621,0.021008584
1,31,48.028,46.929,0.022882485
1,32,49.454,48.526,0.018764913
1,33,51.047,49.938,0.021725077
1,34,52.455,51.682,0.014736441
1,35,54.004,52.982,0.018924524
1,36,55.428,54.565,0.015569748
1,37,57.045,56.057,0.01731966
1,38,58.337,57.503,0.014296244
1,39,60.142,58.976,0.01938745
1,40,61.349,60.338,0.016479486
1,41,63.048,62.07,0.015511991
1,42,64.597,63.482,0.017260864
1,43,65.999,65.003,0.015091138
1,44,67.639,66.503,0.016795044
1,45,68.943,67.998,0.013706975
1,46,70.471,69.474,0.014147664
1,47,71.989,70.979,0.014029921
1,48,73.558,72.4,0.015742679
1,49,74.882,74.019,0.011524799
1,50,76.466,75.496,0.012685377
2,1,4.479,3.706,0.172583166
2,2,6.019,4.766,0.208174115
2,3,7.491,5.95,0.205713523
2,4,9.002,7.257,0.193845812
2,5,10.473,8.67,0.172156975
2,6,12.048,10.152,0.157370518
2,7,13.556,11.498,0.151814695
2,8,14.956,13.085,0.125100294
2,9,16.487,14.403,0.12640262
2,10,18.035,16.069,0.109010258
2,11,19.423,17.511,0.098439994
2,12,20.957,19.108,0.088228277
2,13,22.56,20.517,0.090558511
2,14,24.01,22.065,0.081007913
2,15,25.454,23.521,0.075940913
2,16,26.972,25.017,0.072482575
2,17,28.554,26.442,0.073965119
2,18,29.834,27.955,0.062981833
2,19,31.477,29.371,0.066905995
2,20,32.995,31.024,0.059736324
2,21,34.541,32.475,0.059812976
2,22,35.848,34.121,0.04817563
2,23,37.537,35.491,0.054506221
2,24,38.967,36.981,0.050966202
2,25,40.558,38.505,0.050618867
2,26,41.903,40.112,0.04274157
2,27,43.508,41.521,0.045669762
2,28,45.055,42.95,0.046720675
2,29,46.524,44.498,0.043547416
2,30,48.04,45.781,0.047023314
2,31,49.535,47.572,0.039628545
2,32,50.778,49.12,0.032651936
2,33,52.546,50.469,0.039527271
2,34,54.007,51.955,0.037995075
2,35,55.44,53.55,0.034090909
2,36,56.892,55.039,0.032570484
2,37,58.47,56.53,0.033179408
2,38,59.882,57.986,0.031662269
2,39,61.441,59.482,0.031884247
2,40,62.841,60.918,0.030601041
2,41,64.425,62.373,0.03185099
2,42,65.959,63.963,0.030261223
2,43,67.463,65.424,0.030223975
2,44,69.107,66.87,0.032370093
2,45,70.443,68.548,0.026901183
2,46,72.186,70.044,0.029673344
2,47,73.578,71.454,0.028867324
2,48,75.008,72.895,0.028170328
2,49,76.676,74.555,0.02766185
2,50,77.9,76.159,0.022349166
3,1,6.065,5.097,0.159604287
3,2,7.553,5.895,0.219515424
3,3,9.01,6.959,0.22763596
3,4,10.49,8.091,0.228693994
3,5,12.003,9.42,0.215196201
3,6,13.606,10.799,0.206306041
3,7,15.02,12.104,0.194141145
3,8,16.515,13.668,0.172388738
3,9,18.009,15.016,0.16619468
3,10,19.544,16.555,0.152936963
3,11,20.96,18.12,0.135496183
3,12,22.445,19.538,0.129516596
3,13,24.009,20.959,0.127035695
3,14,25.572,22.404,0.1238855
3,15,27.031,23.968,0.113314343
3,16,28.437,25.606,0.099553399
3,17,30.077,26.998,0.102370582
3,18,31.416,28.556,0.091036415
3,19,33.032,29.949,0.093333737
3,20,34.52,31.374,0.091135574
3,21,36.064,33.176,0.080079858
3,22,37.556,34.57,0.079507935
3,23,38.957,35.986,0.076263573
3,24,40.359,37.416,0.072920538
3,25,41.925,38.951,0.070936196
3,26,43.708,40.534,0.072618285
3,27,44.961,42.027,0.065256556
3,28,46.534,43.457,0.066123695
3,29,47.907,44.884,0.063101426
3,30,49.516,46.456,0.061798207
3,31,50.922,47.862,0.060091905
3,32,52.665,49.597,0.058255008
3,33,54.097,50.9,0.059097547
3,34,55.536,52.617,0.052560501
3,35,56.933,53.975,0.051955808
3,36,58.415,55.581,0.048514936
3,37,59.985,57.064,0.048695507
3,38,61.756,58.438,0.053727573
3,39,63.01,59.987,0.047976512
3,40,64.547,61.587,0.045858057
3,41,65.96,63.034,0.044360218
3,42,67.452,64.555,0.04294906
3,43,68.945,65.759,0.046210748
3,44,70.464,67.528,0.041666667
3,45,72.026,68.884,0.043623136
3,46,73.361,70.545,0.038385518
3,47,74.843,71.995,0.038052991
3,48,76.361,73.412,0.03861919
3,49,77.953,74.987,0.038048568
3,50,79.251,76.447,0.035381257
4,1,7.53,6.606,0.122709163
4,2,9.002,7.324,0.186403022
4,3,10.493,8.141,0.224149433
4,4,11.903,9.091,0.236242964
4,5,13.475,10.218,0.241706865
4,6,15.014,11.415,0.239709604
4,7,16.487,12.797,0.223812701
4,8,18.017,14.228,0.210301382
4,9,19.492,15.572,0.201108147
4,10,20.97,17.021,0.188316643
4,11,22.369,18.542,0.171084984
4,12,24,19.978,0.167583333
4,13,25.511,21.495,0.157422288
4,14,27.015,22.959,0.150138812
4,15,28.539,24.501,0.141490592
4,16,30.015,25.978,0.134499417
4,17,31.548,27.383,0.132021047
4,18,32.93,29.108,0.116064379
4,19,34.49,30.543,0.114438968
4,20,35.948,32.121,0.10645933
4,21,37.545,33.569,0.105899587
4,22,38.884,35.035,0.09898673
4,23,40.452,36.266,0.103480668
4,24,41.9,37.991,0.093293556
4,25,43.507,39.531,0.091387593
4,26,44.901,41.009,0.086679584
4,27,46.507,42.567,0.084718429
4,28,47.956,44.029,0.081887564
4,29,49.379,45.463,0.079304968
4,30,51.167,46.786,0.085621592
4,31,52.552,48.548,0.076191201
4,32,53.979,49.871,0.07610367
4,33,55.729,51.501,0.075867143
4,34,56.958,52.957,0.070244742
4,35,58.595,54.505,0.069801178
4,36,59.928,56.004,0.065478574
4,37,61.421,57.441,0.064798684
4,38,62.85,59.01,0.061097852
4,39,64.492,60.637,0.059774856
4,40,65.924,61.982,0.059796129
4,41,67.409,63.585,0.05672833
4,42,68.917,65.01,0.056691382
4,43,70.752,66.557,0.05929161
4,44,72.172,67.904,0.059136507
4,45,73.669,69.452,0.057242531
4,46,74.936,71.021,0.052244582
4,47,76.59,72.289,0.056156156
4,48,77.952,73.997,0.050736351
4,49,79.643,75.368,0.053677034
4,50,81.076,77,0.050273817
5,1,8.984,8.028,0.106411398
5,2,10.533,8.625,0.181144973
5,3,11.948,9.417,0.211834617
5,4,13.548,10.21,0.24638323
5,5,14.994,11.223,0.2515006
5,6,16.439,12.343,0.249163574
5,7,17.936,13.611,0.241135147
5,8,19.495,14.87,0.237240318
5,9,21.084,16.318,0.226048188
5,10,22.454,17.67,0.213057807
5,11,23.861,19.061,0.201165081
5,12,25.55,20.551,0.195655577
5,13,26.972,21.994,0.184561768
5,14,28.401,23.446,0.174465688
5,15,30.069,25.007,0.168346137
5,16,31.543,26.466,0.160954887
5,17,33.006,28.067,0.149639459
5,18,34.529,29.391,0.148802456
5,19,35.955,30.941,0.139452093
5,20,37.636,32.367,0.139998937
5,21,38.931,33.868,0.130050602
5,22,40.71,35.554,0.126651928
5,23,42.122,36.788,0.126632164
5,24,43.522,38.353,0.11876752
5,25,45.073,39.824,0.116455528
5,26,46.579,41.476,0.109555808
5,27,47.987,42.94,0.105174318
5,28,49.386,44.353,0.101911473
5,29,51.025,46.305,0.092503675
5,30,52.396,47.386,0.095617986
5,31,53.869,49.13,0.087972674
5,32,55.476,50.542,0.088939361
5,33,57.112,51.93,0.090733996
5,34,58.366,53.424,0.084672583
5,35,60.034,54.833,0.086634241
5,36,61.517,56.593,0.080042915
5,37,63.01,58.095,0.078003492
5,38,64.38,59.459,0.076436782
5,39,65.985,60.93,0.07660832
5,40,67.583,62.505,0.075137239
5,41,69.029,64.004,0.072795492
5,42,70.47,65.656,0.068312757
5,43,71.68,67.108,0.063783482
5,44,73.359,68.433,0.067149225
5,45,75.098,69.903,0.069176276
5,46,76.58,71.558,0.06557848
5,47,78.021,72.956,0.064918419
5,48,79.417,74.615,0.060465643
5,49,81.126,76.07,0.062322806
5,50,82.465,77.61,0.058873461
6,1,10.545,9.433,0.105452821
6,2,12.009,10.122,0.157132151
6,3,13.493,10.743,0.203809383
6,4,15.037,11.48,0.236549844
6,5,16.53,12.352,0.252752571
6,6,18.011,13.331,0.259841208
6,7,19.46,14.409,0.259558068
6,8,20.985,15.596,0.256802478
6,9,22.561,16.856,0.252869997
6,10,23.942,18.322,0.23473394
6,11,25.376,19.698,0.223754729
6,12,26.959,21.137,0.215957565
6,13,28.442,22.605,0.205224668
6,14,29.978,24.016,0.198879178
6,15,31.512,25.559,0.18891216
6,16,32.826,26.99,0.177785901
6,17,34.599,28.508,0.17604555
6,18,36.098,30.134,0.16521691
6,19,37.405,31.407,0.160352894
6,20,38.999,33.092,0.151465422
6,21,40.582,34.435,0.151471096
6,22,41.933,35.986,0.141821477
6,23,43.425,37.526,0.135843408
6,24,44.997,39.07,0.131719892
6,25,46.612,40.677,0.127327727
6,26,48.021,41.913,0.127194352
6,27,49.436,43.424,0.121611781
6,28,51.062,45.009,0.118542164
6,29,52.589,46.437,0.116982639
6,30,53.876,47.782,0.11311159
6,31,55.551,49.487,0.109160951
6,32,56.898,51.047,0.10283314
6,33,58.658,52.516,0.10470865
6,34,60.061,54.009,0.100764223
6,35,61.413,55.46,0.096933874
6,36,62.843,57.022,0.092627659
6,37,64.573,58.707,0.090842922
6,38,65.911,59.947,0.090485655
6,39,67.36,61.541,0.08638658
6,40,69.03,63.019,0.087078082
6,41,70.532,64.598,0.084132025
6,42,71.878,65.895,0.083238265
6,43,73.61,67.405,0.084295612
6,44,75.096,69.088,0.080004261
6,45,76.551,70.708,0.0763282
6,46,78.003,72.055,0.076253477
6,47,79.525,73.345,0.077711412
6,48,80.933,74.86,0.075037377
6,49,82.421,76.537,0.071389573
6,50,83.776,78.075,0.068050516
7,1,11.989,10.958,0.085995496
7,2,13.518,11.492,0.149874242
7,3,15.018,12.117,0.193168198
7,4,16.466,12.836,0.220454269
7,5,17.965,13.57,0.24464236
7,6,19.439,14.466,0.255825917
7,7,21.04,15.409,0.26763308
7,8,22.505,16.516,0.26611864
7,9,24.136,17.833,0.261145177
7,10,25.596,19.049,0.255782153
7,11,27.089,20.305,0.250433755
7,12,28.425,21.706,0.236376429
7,13,29.944,23.118,0.227958857
7,14,31.588,24.601,0.221191592
7,15,32.995,26.141,0.207728444
7,16,34.565,27.569,0.202401273
7,17,36.03,29.032,0.194227033
7,18,37.472,30.476,0.186699402
7,19,39.003,32.018,0.179088788
7,20,40.51,33.413,0.175191311
7,21,42.024,35.107,0.164596421
7,22,43.405,36.612,0.156502707
7,23,45.08,38.006,0.156921029
7,24,46.398,39.495,0.148777965
7,25,48.089,40.946,0.148537087
7,26,49.576,42.372,0.145312248
7,27,51.151,43.971,0.140368712
7,28,52.308,45.386,0.132331575
7,29,53.966,47.082,0.127561798
7,30,55.514,48.46,0.127067046
7,31,56.997,49.974,0.123217011
7,32,58.717,51.604,0.121140385
7,33,59.928,53.003,0.115555333
7,34,61.407,54.538,0.111860211
7,35,63.092,55.895,0.114071515
7,36,64.505,57.495,0.108673746
7,37,66.121,58.902,0.109178627
7,38,67.433,60.345,0.105111741
7,39,69.018,62.118,0.09997392
7,40,70.404,63.459,0.098644963
7,41,71.877,64.975,0.096025154
7,42,73.487,66.473,0.095445453
7,43,75.073,67.982,0.094454731
7,44,76.526,69.623,0.090204636
7,45,77.917,70.885,0.090249881
7,46,79.615,72.536,0.088915405
7,47,81.045,74.138,0.085224258
7,48,82.586,75.543,0.085280798
7,49,83.893,76.993,0.082247625
7,50,85.233,78.499,0.079006957
8,1,13.504,12.6,0.066943128
8,2,14.927,12.993,0.129563878
8,3,16.435,13.506,0.178217219
8,4,18.008,14.202,0.211350511
8,5,19.388,14.923,0.230297091
8,6,21.075,15.677,0.256132859
8,7,22.588,16.503,0.269390827
8,8,24.001,17.568,0.268030499
8,9,25.524,18.651,0.269275976
8,10,26.929,19.885,0.261576739
8,11,28.615,21.098,0.262694391
8,12,30.026,22.366,0.255112236
8,13,31.564,23.888,0.243188443
8,14,33.076,25.253,0.236515903
8,15,34.544,26.608,0.229735989
8,16,36.073,28.085,0.221439858
8,17,37.508,29.576,0.211474885
8,18,38.987,31.072,0.20301639
8,19,40.438,32.449,0.197561699
8,20,41.851,34.098,0.185252443
8,21,43.452,35.591,0.180912271
8,22,45.033,37.028,0.177758533
8,23,46.503,38.521,0.17164484
8,24,48.166,39.895,0.17171864
8,25,49.414,41.516,0.159833246
8,26,51.027,42.913,0.159013855
8,27,52.365,44.4,0.152105414
8,28,53.893,46.069,0.145176554
8,29,55.429,47.409,0.144689603
8,30,56.944,48.918,0.14094549
8,31,58.453,50.32,0.139137427
8,32,59.984,51.905,0.134685916
8,33,61.472,53.475,0.130091749
8,34,62.873,54.969,0.12571374
8,35,64.616,56.463,0.126176179
8,36,65.757,58.048,0.117234667
8,37,67.266,59.37,0.117384711
8,38,69.006,61.041,0.115424746
8,39,70.481,62.512,0.113065933
8,40,72.13,63.879,0.114390683
8,41,73.513,65.432,0.109926136
8,42,75.168,66.912,0.109833972
8,43,76.523,68.403,0.106111888
8,44,77.961,69.91,0.103269584
8,45,79.577,71.647,0.099651909
8,46,80.868,73.01,0.097170698
8,47,82.439,74.734,0.093463045
8,48,83.962,76.049,0.094245016
8,49,85.524,77.5,0.093821617
8,50,87.084,79.157,0.091027054
9,1,15.03,14.038,0.066001331
9,2,16.523,14.538,0.120135569
9,3,17.998,15.077,0.162295811
9,4,19.417,15.564,0.198434362
9,5,20.901,16.25,0.222525238
9,6,22.553,16.909,0.250254955
9,7,24.094,17.76,0.262887026
9,8,25.504,18.649,0.268781368
9,9,27.014,19.667,0.27197009
9,10,28.565,20.774,0.272746368
9,11,29.865,21.942,0.265293822
9,12,31.419,23.145,0.263343837
9,13,33.12,24.476,0.260990338
9,14,34.467,25.812,0.251109757
9,15,35.906,27.224,0.241798028
9,16,37.564,28.749,0.23466617
9,17,38.999,30.086,0.228544322
9,18,40.372,31.621,0.21675914
9,19,41.91,33.045,0.211524696
9,20,43.562,34.515,0.207681006
9,21,44.878,35.936,0.199251304
9,22,46.481,37.409,0.195176524
9,23,47.964,39.005,0.186785923
9,24,49.395,40.515,0.179775281
9,25,51,41.956,0.177333333
9,26,52.386,43.359,0.172317031
9,27,53.954,45.089,0.164306632
9,28,55.549,46.573,0.161587067
9,29,56.873,48.04,0.155310956
9,30,58.42,49.383,0.154690175
9,31,60.121,51.129,0.149565044
9,32,61.501,52.545,0.145623648
9,33,63.004,54.029,0.142451273
9,34,64.477,55.581,0.13797168
9,35,65.996,56.856,0.138493242
9,36,67.432,58.528,0.132044133
9,37,68.973,59.932,0.131080278
9,38,70.492,61.46,0.128128015
9,39,72.069,62.902,0.127197547
9,40,73.419,64.381,0.123101649
9,41,74.978,65.793,0.122502601
9,42,76.42,67.484,0.11693274
9,43,77.962,69.116,0.113465534
9,44,79.423,70.642,0.110559913
9,45,81.109,72.086,0.111245361
9,46,82.548,73.548,0.109027475
9,47,84.211,74.886,0.110733752
9,48,85.379,76.385,0.105342063
9,49,87.194,78.343,0.101509278
9,50,88.44,79.565,0.10035052
10,1,16.369,15.487,0.053882339
10,2,17.995,15.953,0.113475966
10,3,19.437,16.582,0.146884807
10,4,21.102,16.997,0.194531324
10,5,22.47,17.737,0.210636404
10,6,24.041,18.278,0.239715486
10,7,25.563,18.985,0.25732504
10,8,26.971,19.874,0.263134478
10,9,28.603,20.845,0.271230291
10,10,30.04,21.764,0.275499334
10,11,31.642,22.846,0.277984957
10,12,32.971,24.084,0.269539899
10,13,34.492,25.354,0.264930998
10,14,36.132,26.602,0.26375512
10,15,37.604,27.981,0.255903627
10,16,38.89,29.248,0.247930059
10,17,40.548,30.691,0.243094604
10,18,42.025,32.126,0.235550268
10,19,43.463,33.76,0.22324736
10,20,45.199,35.004,0.225558088
10,21,46.626,36.512,0.2169176
10,22,47.974,38.002,0.207862592
10,23,49.599,39.449,0.204641223
10,24,51.04,41.001,0.196688871
10,25,52.409,42.478,0.189490355
10,26,54.17,44.072,0.186413144
10,27,55.504,45.482,0.180563563
10,28,56.913,47.074,0.172877901
10,29,58.453,48.526,0.169828751
10,30,59.995,50.004,0.166530544
10,31,61.531,51.463,0.16362484
10,32,63.024,52.958,0.159716933
10,33,64.436,54.633,0.152135452
10,34,66.005,55.972,0.152003636
10,35,67.457,57.354,0.149769483
10,36,68.759,59.079,0.14078157
10,37,70.492,60.466,0.142228905
10,38,72.013,62.049,0.138363907
10,39,73.433,63.506,0.135184454
10,40,75.038,64.962,0.134278632
10,41,76.565,66.628,0.12978515
10,42,77.88,67.944,0.127580894
10,43,79.505,69.63,0.124206025
10,44,80.908,71.075,0.121533099
10,45,82.649,72.438,0.123546564
10,46,83.904,74.179,0.115906274
10,47,85.25,75.48,0.114604106
10,48,87.133,76.94,0.116982085
10,49,88.363,78.583,0.110679809
10,50,89.783,80.179,0.106969025
11,1,18.033,17.102,0.051627572
11,2,19.5,17.46,0.104615385
11,3,20.971,18.002,0.141576463
11,4,22.534,18.527,0.177820183
11,5,23.996,19.1,0.204034006
11,6,25.439,19.673,0.226659853
11,7,26.952,20.362,0.244508756
11,8,28.571,21.142,0.2600189
11,9,29.973,22.002,0.265939345
11,10,31.444,22.787,0.275314845
11,11,32.983,23.834,0.27738532
11,12,34.518,24.922,0.277999884
11,13,35.98,26.107,0.274402446
11,14,37.566,27.357,0.271761699
11,15,39.087,28.629,0.267556988
11,16,40.484,29.986,0.259312321
11,17,41.864,31.222,0.254204089
11,18,43.605,32.666,0.250865726
11,19,44.998,34.153,0.241010712
11,20,46.468,35.612,0.233623139
11,21,47.981,37.287,0.22287989
11,22,49.444,38.49,0.221543564
11,23,51.022,40.1,0.214064521
11,24,52.425,41.497,0.208450167
11,25,53.947,43.058,0.201846257
11,26,55.633,44.431,0.201355311
11,27,57.126,45.903,0.196460456
11,28,58.362,47.619,0.184075254
11,29,59.863,49.027,0.181013314
11,30,61.46,50.533,0.177790433
11,31,62.928,52.125,0.171672387
11,32,64.558,53.44,0.172217231
11,33,66.101,55.051,0.167168424
11,34,67.488,56.548,0.162102892
11,35,68.849,58.092,0.156240468
11,36,70.579,59.317,0.159565877
11,37,71.886,61.192,0.14876332
11,38,73.408,62.522,0.148294464
11,39,74.911,64.006,0.145572746
11,40,76.38,65.626,0.14079602
11,41,77.914,67.099,0.13880689
11,42,79.345,68.485,0.136870628
11,43,80.893,70.038,0.134189608
11,44,82.519,71.463,0.133981265
11,45,83.972,72.885,0.132032106
11,46,85.502,74.453,0.129225047
11,47,86.853,75.981,0.125177023
11,48,88.522,77.468,0.124872913
11,49,89.816,78.975,0.120702325
11,50,91.544,80.508,0.120554051
12,1,19.42,18.568,0.043872297
12,2,20.996,18.963,0.096827967
12,3,22.403,19.507,0.129268402
12,4,24.011,19.896,0.171379784
12,5,25.554,20.577,0.194764029
12,6,27.032,21.204,0.21559633
12,7,28.427,21.779,0.233862173
12,8,29.933,22.32,0.254334681
12,9,31.492,23.15,0.264892671
12,10,32.895,24.096,0.26748746
12,11,34.438,24.961,0.275190197
12,12,36.05,25.968,0.279667129
12,13,37.488,27.015,0.279369398
12,14,38.985,28.182,0.277106579
12,15,40.353,29.39,0.271677447
12,16,42.033,30.585,0.272357433
12,17,43.525,32.015,0.264445721
12,18,44.962,33.293,0.25953027
12,19,46.46,34.793,0.251119242
12,20,48.096,36.311,0.245030772
12,21,49.43,37.65,0.238316812
12,22,50.894,39.159,0.230577278
12,23,52.543,40.612,0.227071161
12,24,54.026,42.083,0.22106023
12,25,55.54,43.328,0.219877566
12,26,56.985,45.142,0.207826621
12,27,58.606,46.551,0.205695663
12,28,59.977,47.954,0.200460176
12,29,61.503,49.721,0.191567891
12,30,63.192,51.11,0.191195088
12,31,64.444,52.584,0.184035752
12,32,65.993,54.146,0.17951904
12,33,67.589,55.514,0.178653331
12,34,68.898,57.044,0.172051438
12,35,70.579,58.473,0.171524108
12,36,72.123,60.021,0.167796681
12,37,73.475,61.516,0.162762845
12,38,74.847,63.082,0.157187329
12,39,76.6,64.57,0.157049608
12,40,78.13,66.082,0.154204531
12,41,79.573,67.426,0.152652282
12,42,81.167,69.005,0.14983922
12,43,82.539,70.393,0.147154678
12,44,83.677,72.046,0.138998769
12,45,85.475,73.437,0.140836502
12,46,86.696,74.825,0.136926732
12,47,88.499,76.476,0.135854642
12,48,89.899,78.233,0.129767851
12,49,91.609,79.542,0.131722866
12,50,93.155,81.003,0.130449251
13,1,21.058,20.159,0.042691614
13,2,22.491,20.512,0.087990752
13,3,24.063,21.089,0.123592237
13,4,25.437,21.528,0.153673782
13,5,27.056,21.94,0.189089296
13,6,28.497,22.597,0.207039337
13,7,30.09,23.143,0.230874045
13,8,31.561,23.848,0.244383892
13,9,32.868,24.505,0.25444201
13,10,34.444,25.273,0.266258274
13,11,35.927,26.08,0.274083558
13,12,37.547,26.907,0.283378166
13,13,39.02,28.033,0.281573552
13,14,40.397,29.017,0.281704087
13,15,42.016,30.257,0.279869573
13,16,43.532,31.541,0.275452541
13,17,45.064,32.713,0.274076868
13,18,46.521,34.011,0.268910814
13,19,47.943,35.423,0.261143441
13,20,49.541,36.755,0.258089259
13,21,51.154,38.262,0.252023302
13,22,52.508,39.646,0.24495315
13,23,54.041,41.115,0.239188764
13,24,55.601,42.483,0.235931008
13,25,57.168,44.069,0.229131682
13,26,58.43,45.787,0.216378573
13,27,60.242,47.112,0.217954251
13,28,61.512,48.565,0.210479256
13,29,62.946,50.007,0.205557144
13,30,64.391,51.567,0.199158267
13,31,66.031,52.921,0.198543109
13,32,67.576,54.538,0.192938321
13,33,68.957,56.154,0.18566643
13,34,70.549,57.688,0.182298828
13,35,71.967,58.968,0.180624453
13,36,73.403,60.286,0.178698418
13,37,74.849,61.997,0.171705701
13,38,76.462,63.396,0.170882268
13,39,78.252,64.84,0.17139498
13,40,79.521,66.499,0.163755486
13,41,80.966,68.158,0.158189857
13,42,82.525,69.649,0.156025447
13,43,84.035,70.91,0.156184923
13,44,85.402,72.314,0.15325168
13,45,87.073,73.963,0.15056332
13,46,88.364,75.246,0.148454122
13,47,89.952,76.933,0.144732746
13,48,91.669,78.35,0.145294483
13,49,93.073,80.07,0.139707541
13,50,94.604,81.46,0.138937043
14,1,22.485,21.318,0.051901268
14,2,24.032,22.076,0.081391478
14,3,25.538,22.51,0.118568408
14,4,27.02,22.986,0.149296817
14,5,28.57,23.547,0.175813791
14,6,30.053,23.922,0.204006256
14,7,31.529,24.7,0.216594247
14,8,33.06,25.292,0.234966727
14,9,34.511,25.793,0.252615108
14,10,35.943,26.447,0.264196088
14,11,37.54,27.461,0.268486947
14,12,38.893,28.102,0.277453526
14,13,40.516,29.176,0.279889426
14,14,42.094,30.055,0.286002756
14,15,43.44,31.166,0.282550645
14,16,45.049,32.365,0.281560079
14,17,46.614,33.546,0.280344961
14,18,47.854,34.737,0.274104568
14,19,49.512,36.108,0.270722249
14,20,50.876,37.456,0.263778599
14,21,52.39,38.786,0.259667876
14,22,54.174,40.11,0.25960793
14,23,55.533,41.663,0.249761403
14,24,56.926,42.939,0.24570495
14,25,58.504,44.428,0.240598933
14,26,60.024,46.017,0.233356657
14,27,61.415,47.575,0.225352113
14,28,62.888,49.31,0.215907645
14,29,64.524,50.582,0.216074639
14,30,66.097,52.175,0.210629832
14,31,67.546,53.418,0.209161164
14,32,69.091,55.168,0.20151684
14,33,70.481,56.424,0.199443822
14,34,72.061,58.189,0.192503573
14,35,73.346,59.629,0.187017697
14,36,75.04,61.198,0.18446162
14,37,76.507,62.527,0.182728378
14,38,77.89,63.866,0.180048787
14,39,79.394,65.502,0.174975439
14,40,80.916,67.074,0.171066291
14,41,82.495,68.53,0.169282987
14,42,84.168,70.161,0.166417166
14,43,85.473,71.556,0.162823348
14,44,87.001,73.009,0.160825738
14,45,88.459,74.409,0.158830645
14,46,90.05,75.975,0.156302054
14,47,91.558,77.831,0.149926822
14,48,93.006,78.969,0.150925747
14,49,94.631,80.581,0.148471431
14,50,95.961,82.076,0.144694199
15,1,23.959,23.072,0.037021579
15,2,25.443,23.531,0.075148371
15,3,27.059,24.053,0.11109058
15,4,28.469,24.537,0.138115143
15,5,30.035,25.176,0.161777926
15,6,31.527,25.594,0.188187902
15,7,33.015,26.064,0.210540663
15,8,34.509,26.725,0.225564346
15,9,35.961,27.192,0.243847501
15,10,37.458,27.949,0.253857654
15,11,39.127,28.562,0.270018146
15,12,40.575,29.346,0.276746765
15,13,41.959,30.245,0.279177292
15,14,43.383,31.191,0.281031741
15,15,45.054,32.179,0.285768189
15,16,46.589,33.166,0.28811522
15,17,48.158,34.43,0.285061672
15,18,49.584,35.632,0.281381091
15,19,51.028,36.937,0.27614251
15,20,52.556,38.107,0.274925793
15,21,53.921,39.485,0.267725005
15,22,55.42,40.856,0.262793215
15,23,57.081,42.169,0.261242795
15,24,58.453,43.894,0.249071904
15,25,60.094,45.151,0.248660432
15,26,61.281,46.551,0.24036814
15,27,63.014,48.17,0.235566699
15,28,64.488,49.67,0.229779184
15,29,65.832,51.057,0.224434925
15,30,67.648,52.583,0.222696902
15,31,69.014,54.087,0.216289449
15,32,70.577,55.671,0.21120195
15,33,72.064,56.977,0.209355573
15,34,73.619,58.505,0.205300262
15,35,74.953,60.033,0.199058076
15,36,76.406,61.493,0.195181007
15,37,78.083,62.934,0.194011501
15,38,79.524,64.516,0.188722901
15,39,80.879,65.954,0.184534923
15,40,82.431,67.383,0.18255268
15,41,83.948,69.182,0.175894601
15,42,85.528,70.574,0.174843326
15,43,86.84,72.041,0.170416859
15,44,88.705,73.363,0.172955301
15,45,89.985,74.859,0.168094682
15,46,91.472,76.379,0.165001312
15,47,92.966,77.942,0.161607469
15,48,94.36,79.448,0.158033065
15,49,95.946,81.262,0.153044421
15,50,97.418,82.888,0.149151081
16,1,25.539,24.72,0.032068601
16,2,26.999,24.978,0.074854624
16,3,28.458,25.492,0.104223768
16,4,30.022,26.102,0.130570915
16,5,31.625,26.511,0.16170751
16,6,33.082,27.014,0.183423009
16,7,34.491,27.49,0.202980488
16,8,36.04,28.128,0.219533851
16,9,37.614,28.651,0.238288935
16,10,39.031,29.295,0.249442751
16,11,40.499,29.952,0.260426183
16,12,41.967,30.741,0.26749589
16,13,43.404,31.457,0.275251129
16,14,45.033,32.358,0.281460262
16,15,46.473,33.236,0.284832053
16,16,47.983,34.276,0.285663673
16,17,49.441,35.312,0.285774964
16,18,51.019,36.364,0.287245928
16,19,52.362,37.578,0.282342157
16,20,54.027,38.777,0.282266274
16,21,55.424,40.298,0.272914261
16,22,57.015,41.478,0.272507235
16,23,58.47,42.955,0.265349752
16,24,59.941,44.359,0.259955623
16,25,61.579,45.686,0.258091232
16,26,63.236,47.239,0.25297299
16,27,64.538,48.572,0.247389135
16,28,66.063,50.206,0.240028458
16,29,67.421,51.495,0.236217202
16,30,69.036,53.098,0.230865056
16,31,70.4,54.467,0.226321023
16,32,72.122,56.188,0.2209312
16,33,73.43,57.437,0.217799265
16,34,75.178,58.872,0.216898561
16,35,76.305,60.448,0.207810759
16,36,77.991,62.094,0.203831211
16,37,79.586,63.818,0.198125298
16,38,81.246,65.093,0.198815942
16,39,82.583,66.527,0.194422581
16,40,83.983,67.933,0.191110106
16,41,85.475,69.456,0.187411524
16,42,86.768,71.035,0.181322607
16,43,88.539,72.359,0.182744327
16,44,90.316,74.127,0.179248417
16,45,91.471,75.551,0.174044233
16,46,92.882,76.987,0.171131113
16,47,94.38,78.447,0.168817546
16,48,95.87,80.07,0.164806509
16,49,97.589,81.41,0.165787128
16,50,98.988,83.101,0.160494201
17,1,26.886,26.007,0.032693595
17,2,28.431,26.438,0.070099539
17,3,30.061,26.943,0.103722431
17,4,31.437,27.495,0.125393644
17,5,33.032,27.887,0.155758053
17,6,34.543,28.569,0.172943867
17,7,36.044,29.091,0.192903118
17,8,37.589,29.657,0.211019181
17,9,38.956,29.973,0.23059349
17,10,40.529,30.766,0.24088924
17,11,42.053,31.243,0.257056571
17,12,43.623,31.94,0.267817436
17,13,44.936,32.699,0.272320634
17,14,46.476,33.49,0.27941303
17,15,48.081,34.366,0.285247811
17,16,49.359,35.289,0.285054397
17,17,50.983,36.419,0.285663849
17,18,52.474,37.401,0.287247018
17,19,53.89,38.511,0.285377621
17,20,55.365,39.545,0.285740089
17,21,57.069,41.024,0.281150888
17,22,58.534,42.131,0.280230294
17,23,60.025,43.673,0.272419825
17,24,61.602,44.881,0.271435992
17,25,62.923,46.324,0.263798611
17,26,64.485,47.735,0.25975033
17,27,65.947,49.184,0.25418897
17,28,67.521,50.619,0.250322122
17,29,69.008,52.307,0.242015419
17,30,70.523,53.551,0.240659076
17,31,72.249,54.989,0.23889604
17,32,73.49,56.596,0.229881617
17,33,75.199,58.168,0.226479076
17,34,76.543,59.517,0.222437062
17,35,78.006,60.952,0.218624208
17,36,79.576,62.395,0.215906806
17,37,81.152,63.934,0.212169756
17,38,82.512,65.449,0.206794163
17,39,84.033,67.081,0.201730273
17,40,85.333,68.327,0.199289841
17,41,86.946,70.136,0.193338394
17,42,88.582,71.563,0.192127069
17,43,89.792,72.936,0.187722737
17,44,91.31,74.708,0.181820173
17,45,92.855,75.973,0.181810349
17,46,94.508,77.563,0.179296991
17,47,96.232,78.978,0.179295868
17,48,97.603,80.464,0.175599111
17,49,99.162,82.176,0.171295456
17,50,100.455,83.306,0.170713255
18,1,28.44,27.467,0.034212377
18,2,30.038,28.005,0.067680937
18,3,31.526,28.553,0.094303115
18,4,32.999,28.964,0.122276433
18,5,34.419,29.47,0.143786862
18,6,36.038,29.972,0.168322326
18,7,37.461,30.452,0.187101252
18,8,39.033,31.074,0.203904389
18,9,40.423,31.661,0.216757786
18,10,41.888,32.09,0.233909473
18,11,43.541,32.584,0.251647872
18,12,44.97,33.341,0.258594619
18,13,46.422,34.056,0.266382319
18,14,47.969,34.759,0.275386187
18,15,49.472,35.559,0.281229787
18,16,51.155,36.382,0.288788975
18,17,52.475,37.338,0.288461172
18,18,54.106,38.423,0.289856947
18,19,55.573,39.544,0.288431433
18,20,57.006,40.511,0.289355506
18,21,58.487,41.671,0.287516884
18,22,60.027,43.142,0.281290086
18,23,61.366,44.312,0.277906332
18,24,63.103,45.779,0.274535284
18,25,64.533,47.029,0.27124107
18,26,65.84,48.406,0.264793439
18,27,67.456,49.796,0.261800285
18,28,69.048,51.143,0.259312362
18,29,70.634,52.79,0.252626214
18,30,72.168,54.093,0.250457266
18,31,73.545,55.544,0.244761711
18,32,74.844,56.891,0.239872268
18,33,76.454,58.649,0.232885134
18,34,78.183,59.929,0.233477866
18,35,79.386,61.468,0.225707304
18,36,81.008,63.091,0.221175686
18,37,82.577,64.412,0.219976507
18,38,84.062,65.863,0.216494968
18,39,85.368,67.497,0.209340737
18,40,86.934,69.26,0.203303656
18,41,88.373,70.604,0.2010682
18,42,89.976,71.984,0.199964435
18,43,91.624,73.438,0.198485113
18,44,92.896,74.912,0.193592835
18,45,94.673,76.709,0.189747869
18,46,95.793,77.833,0.187487603
18,47,97.55,79.374,0.186324962
18,48,99.012,80.977,0.182149638
18,49,100.422,82.535,0.178118341
18,50,102.091,83.912,0.178066627
19,1,29.902,28.945,0.032004548
19,2,31.542,29.507,0.064517152
19,3,32.964,29.963,0.091038709
19,4,34.405,30.401,0.116378433
19,5,35.974,31.097,0.135570134
19,6,37.568,31.389,0.164475085
19,7,38.898,32.046,0.176153016
19,8,40.506,32.434,0.199279119
19,9,41.958,33.127,0.210472377
19,10,43.517,33.5,0.230185904
19,11,44.967,34.238,0.238597193
19,12,46.53,34.775,0.25263271
19,13,48.108,35.512,0.261827555
19,14,49.386,36.055,0.269934799
19,15,51.059,36.805,0.279167238
19,16,52.408,37.643,0.281731797
19,17,54.149,38.528,0.288481782
19,18,55.268,39.381,0.287453861
19,19,56.897,40.433,0.289364993
19,20,58.455,41.599,0.288358566
19,21,60.062,42.676,0.28946755
19,22,61.502,43.836,0.287242691
19,23,63.157,45.11,0.285748215
19,24,64.652,46.276,0.284229413
19,25,65.883,47.661,0.276581212
19,26,67.377,48.9,0.274233047
19,27,68.954,50.426,0.268700873
19,28,70.336,51.94,0.261544586
19,29,71.892,53.29,0.258749235
19,30,73.311,54.758,0.253072527
19,31,74.886,56.04,0.251662527
19,32,76.447,57.889,0.242756419
19,33,78.028,58.908,0.245040242
19,34,79.596,60.609,0.238542138
19,35,81.028,62.139,0.233116947
19,36,82.627,63.592,0.230372638
19,37,83.94,64.965,0.226054325
19,38,85.42,66.503,0.221458675
19,39,86.936,68.149,0.2161015
19,40,88.61,69.619,0.214321183
19,41,89.903,70.993,0.210337809
19,42,91.662,72.656,0.207348738
19,43,93.019,73.787,0.206753459
19,44,94.625,75.636,0.200676354
19,45,95.939,77.138,0.195968272
19,46,97.445,78.584,0.193555339
19,47,98.847,79.955,0.191123656
19,48,100.491,81.59,0.188086495
19,49,102.029,83.025,0.186260769
19,50,103.61,84.602,0.183457195
20,1,31.528,30.479,0.033272012
20,2,33.072,31.16,0.057813256
20,3,34.637,31.586,0.088084996
20,4,35.954,32.03,0.109139456
20,5,37.572,32.428,0.136910465
20,6,39.043,33.221,0.14911764
20,7,40.613,33.665,0.171078226
20,8,42.009,34.021,0.19014973
20,9,43.637,34.631,0.20638449
20,10,45.011,35.229,0.217324654
20,11,46.439,35.643,0.232477013
20,12,48.177,36.416,0.244120638
20,13,49.361,36.825,0.253965681
20,14,51.012,37.475,0.265368933
20,15,52.473,38.058,0.274712709
20,16,54.09,38.834,0.282048438
20,17,55.483,39.726,0.2839969
20,18,57.06,40.6,0.288468279
20,19,58.439,41.397,0.291620322
20,20,59.741,42.48,0.28893055
20,21,61.496,43.565,0.29157994
20,22,62.83,44.713,0.288349515
20,23,64.545,45.831,0.289937253
20,24,65.888,47.124,0.284786304
20,25,67.537,48.276,0.285191821
20,26,69.01,49.796,0.278423417
20,27,70.541,51.162,0.274719667
20,28,71.849,52.426,0.270330833
20,29,73.586,53.926,0.267170386
20,30,74.98,55.351,0.261789811
20,31,76.366,56.787,0.256383731
20,32,77.873,58.265,0.251794589
20,33,79.6,59.648,0.250653266
20,34,80.994,61.303,0.243116774
20,35,82.63,62.696,0.2412441
20,36,83.959,64.002,0.237699353
20,37,85.369,65.583,0.231770315
20,38,86.851,67.1,0.227412465
20,39,88.479,68.371,0.227262966
20,40,90.058,70.122,0.221368451
20,41,91.393,71.393,0.218835141
20,42,92.966,73.145,0.213206979
20,43,94.409,74.575,0.210085903
20,44,95.959,76.059,0.207380235
20,45,97.439,77.551,0.204107185
20,46,98.708,79.085,0.198798476
20,47,100.46,80.305,0.200627115
20,48,102.01,81.857,0.197559063
20,49,103.485,83.58,0.192346717
20,50,104.848,84.827,0.190952617
21,1,32.972,31.944,0.031177969
21,2,34.65,32.38,0.065512266
21,3,35.838,32.893,0.082175345
21,4,37.623,33.549,0.108284826
21,5,39.132,33.913,0.13336911
21,6,40.561,34.472,0.150119573
21,7,42.058,34.984,0.1681963
21,8,43.57,35.609,0.182717466
21,9,45.064,35.915,0.203022368
21,10,46.569,36.461,0.217054264
21,11,48,37.164,0.22575
21,12,49.451,37.663,0.238377384
21,13,51.018,38.253,0.25020581
21,14,52.487,38.752,0.261683846
21,15,53.886,39.599,0.265133801
21,16,55.477,40.163,0.276042324
21,17,57.027,40.905,0.282708191
21,18,58.617,41.787,0.287118072
21,19,60.218,42.684,0.291175396
21,20,61.38,43.486,0.291528185
21,21,63.113,44.563,0.29391726
21,22,64.435,45.615,0.292077287
21,23,65.772,46.813,0.28825336
21,24,67.439,47.798,0.291240973
21,25,69.053,49.095,0.289024373
21,26,70.449,50.427,0.284205596
21,27,71.882,51.707,0.280668318
21,28,73.55,53.041,0.278844324
21,29,74.918,54.282,0.275447823
21,30,76.51,55.766,0.271127957
21,31,78.086,57.194,0.267551162
21,32,79.425,58.738,0.260459553
21,33,81.018,60.055,0.25874497
21,34,82.429,61.432,0.254728312
21,35,83.882,63.051,0.24833695
21,36,85.431,64.557,0.244337536
21,37,87.166,66.104,0.241630911
21,38,88.555,67.791,0.23447575
21,39,90.057,69.281,0.230698335
21,40,91.619,70.393,0.231676836
21,41,93.082,71.783,0.22881975
21,42,94.664,73.583,0.222692893
21,43,96.062,74.898,0.220316046
21,44,97.592,76.352,0.21764079
21,45,99.226,77.872,0.215205692
21,46,100.635,79.797,0.207065136
21,47,102.028,81.208,0.20406163
21,48,103.342,82.452,0.202144336
21,49,104.887,83.858,0.200491958
21,50,106.225,85.516,0.194954107
22,1,34.426,33.563,0.025068262
22,2,36.015,33.963,0.05697626
22,3,37.514,34.512,0.080023458
22,4,39.035,35.061,0.101806071
22,5,40.597,35.412,0.127718797
22,6,42.037,35.899,0.146014226
22,7,43.39,36.616,0.156118921
22,8,44.955,37.031,0.176265154
22,9,46.475,37.566,0.191694459
22,10,48.04,38.218,0.204454621
22,11,49.442,38.609,0.219105214
22,12,50.987,39.083,0.233471277
22,13,52.456,39.739,0.242431752
22,14,53.921,40.339,0.25188702
22,15,55.459,40.837,0.263654231
22,16,56.927,41.408,0.272612293
22,17,58.392,42.24,0.276613235
22,18,59.937,42.82,0.285583196
22,19,61.326,43.818,0.285490656
22,20,63.077,44.721,0.291009401
22,21,64.553,45.693,0.292163029
22,22,66.091,46.607,0.294805647
22,23,67.572,47.708,0.293967916
22,24,69.079,48.849,0.29285311
22,25,70.461,49.964,0.290898511
22,26,71.916,51.11,0.28930975
22,27,73.661,52.4,0.288633062
22,28,74.858,53.73,0.282241043
22,29,76.293,55.109,0.277666365
22,30,78.056,56.464,0.276621912
22,31,79.497,57.884,0.271871895
22,32,80.824,59.17,0.267915471
22,33,82.26,60.862,0.260126428
22,34,83.962,62.25,0.258593173
22,35,85.655,63.697,0.256353978
22,36,87.103,65.16,0.251920141
22,37,88.633,66.582,0.248789954
22,38,90.034,67.838,0.246529089
22,39,91.358,69.521,0.239026686
22,40,93.009,70.776,0.239041383
22,41,94.575,72.34,0.235104414
22,42,96.015,74.033,0.228943394
22,43,97.282,75.202,0.226969018
22,44,99.015,77.133,0.220996819
22,45,100.494,78.627,0.21759508
22,46,101.948,79.802,0.217228391
22,47,103.542,81.684,0.211102741
22,48,105.185,83.067,0.210277131
22,49,106.279,84.508,0.204847618
22,50,107.989,86.11,0.202603969
23,1,36.055,34.949,0.030675357
23,2,37.519,35.5,0.053812735
23,3,38.994,36.009,0.076550238
23,4,40.589,36.49,0.100987952
23,5,41.894,37.086,0.114765838
23,6,43.524,37.684,0.134178844
23,7,44.995,38.082,0.153639293
23,8,46.592,38.574,0.172089629
23,9,47.906,38.764,0.190832046
23,10,49.395,39.489,0.200546614
23,11,51.151,40.311,0.211921566
23,12,52.509,40.52,0.228322764
23,13,54.04,41.058,0.24022946
23,14,55.331,41.641,0.247420072
23,15,57.054,42.184,0.26063028
23,16,58.467,42.951,0.265380471
23,17,60.017,43.5,0.275205358
23,18,61.456,44.203,0.280737438
23,19,63.053,45.004,0.286251249
23,20,64.503,45.923,0.288048618
23,21,66.144,46.845,0.291772496
23,22,67.431,47.743,0.291972535
23,23,68.883,48.778,0.291871725
23,24,70.492,49.681,0.29522499
23,25,72.054,50.822,0.294667888
23,26,73.519,52.107,0.29124444
23,27,74.979,53.277,0.289441043
23,28,76.416,54.647,0.284874895
23,29,78.086,55.764,0.285864303
23,30,79.329,57.091,0.280326236
23,31,80.891,58.348,0.278683661
23,32,82.485,60.02,0.272352549
23,33,83.932,61.339,0.269182195
23,34,85.662,62.797,0.266921155
23,35,86.891,64.275,0.260280121
23,36,88.463,65.606,0.258379209
23,37,89.89,67.261,0.251741017
23,38,91.442,68.66,0.249141532
23,39,92.918,70.066,0.245937278
23,40,94.59,71.662,0.242393488
23,41,96.094,73.05,0.239806856
23,42,97.472,74.358,0.237134767
23,43,98.993,76.087,0.231390098
23,44,100.432,77.476,0.228572567
23,45,101.987,78.994,0.225450302
23,46,103.374,80.595,0.220355215
23,47,105.009,82.124,0.217933701
23,48,106.65,83.457,0.217468354
23,49,107.93,84.999,0.212461781
23,50,109.486,86.102,0.213579818
24,1,37.588,36.372,0.03235075
24,2,38.948,37.062,0.048423539
24,3,40.531,37.429,0.076534011
24,4,42.082,37.865,0.100209116
24,5,43.54,38.492,0.115939366
24,6,44.909,39.096,0.129439533
24,7,46.573,39.601,0.14970047
24,8,47.999,40.069,0.165211775
24,9,49.575,40.592,0.181200202
24,10,51.093,41.034,0.196876284
24,11,52.326,41.617,0.204659252
24,12,53.916,42.167,0.21791305
24,13,55.554,42.564,0.233826547
24,14,56.766,43.152,0.239826657
24,15,58.523,43.71,0.25311416
24,16,59.954,44.354,0.260199486
24,17,61.58,44.872,0.271321858
24,18,62.951,45.68,0.274356245
24,19,64.558,46.427,0.280848229
24,20,66.072,47.115,0.286914275
24,21,67.373,48.012,0.287370312
24,22,69.075,48.872,0.292479189
24,23,70.385,49.867,0.291510975
24,24,72.077,50.732,0.296141626
24,25,73.423,51.77,0.29490759
24,26,75.009,52.992,0.293524777
24,27,76.499,54.087,0.29297115
24,28,77.99,55.071,0.293871009
24,29,79.214,56.705,0.284154316
24,30,81.078,57.829,0.286748563
24,31,82.38,59.29,0.280286477
24,32,84.052,60.697,0.277863703
24,33,85.583,62.002,0.275533692
24,34,87.011,63.36,0.271816207
24,35,88.561,64.665,0.269825318
24,36,89.976,66.228,0.26393705
24,37,91.521,67.526,0.262180265
24,38,93.045,69.198,0.256295341
24,39,94.543,70.548,0.253799858
24,40,95.637,72.1,0.246107678
24,41,97.541,73.602,0.245425001
24,42,98.803,75.193,0.238960355
24,43,100.525,76.777,0.236239741
24,44,102.331,77.905,0.238695996
24,45,103.424,79.181,0.234404007
24,46,105.092,80.968,0.22955125
24,47,106.519,82.461,0.22585642
24,48,108.088,84.002,0.222836948
24,49,109.646,85.582,0.219469931
24,50,110.906,86.941,0.216083891
25,1,39.04,37.897,0.029277664
25,2,40.54,38.373,0.053453379
25,3,42.089,38.926,0.075150277
25,4,43.432,39.551,0.089358077
25,5,44.89,39.953,0.109979951
25,6,46.529,40.574,0.127984698
25,7,48.13,40.996,0.148223561
25,8,49.753,41.41,0.167688381
25,9,51.065,41.928,0.178928816
25,10,52.604,42.34,0.195118242
25,11,53.993,43.06,0.202489212
25,12,55.569,43.529,0.216667566
25,13,57.014,44.178,0.225137685
25,14,58.512,44.623,0.237370112
25,15,60.043,45.163,0.247822394
25,16,61.518,45.576,0.259143665
25,17,62.972,46.267,0.265276631
25,18,64.415,47.024,0.269983699
25,19,66.062,47.686,0.278162938
25,20,67.463,48.368,0.283044039
25,21,69.07,48.952,0.291269726
25,22,70.514,49.977,0.291247128
25,23,72.054,50.918,0.293335554
25,24,73.468,51.759,0.295489193
25,25,74.95,52.848,0.294889927
25,26,76.479,53.837,0.296055126
25,27,77.908,54.904,0.295271346
25,28,79.528,56.254,0.292651645
25,29,81.026,57.431,0.291202824
25,30,82.72,58.623,0.291308027
25,31,84.036,59.844,0.287876624
25,32,85.403,61.138,0.284123509
25,33,87.064,62.56,0.28144813
25,34,88.751,64.066,0.278137711
25,35,89.962,65.455,0.27241502
25,36,91.473,66.813,0.269587747
25,37,92.958,68.32,0.265044429
25,38,94.332,69.68,0.261332316
25,39,96.058,71.068,0.260155323
25,40,97.395,72.535,0.255249243
25,41,98.981,74.044,0.25193724
25,42,100.561,75.759,0.24663637
25,43,101.794,77.202,0.241585948
25,44,103.655,78.618,0.241541653
25,45,104.6,80.152,0.233728489
25,46,106.737,81.554,0.235935055
25,47,107.89,83.31,0.227824636
25,48,109.324,84.589,0.22625407
25,49,111.16,86.003,0.226313422
25,50,112.412,87.546,0.221204142
26,1,40.325,39.426,0.022293862
26,2,42.023,40.148,0.044618423
26,3,43.556,40.539,0.06926715
26,4,44.999,40.991,0.089068646
26,5,46.525,41.403,0.110091349
26,6,48.078,42.116,0.124006822
26,7,49.388,42.37,0.142099295
26,8,51.074,42.97,0.158671731
26,9,52.499,43.491,0.171584221
26,10,54.104,44.079,0.185291291
26,11,55.491,44.429,0.199347642
26,12,56.925,44.996,0.209556434
26,13,58.578,45.507,0.22313838
26,14,59.956,46.239,0.228784442
26,15,61.598,46.605,0.24340076
26,16,63.2,47.108,0.254620253
26,17,64.705,47.81,0.261108106
26,18,65.976,48.55,0.264126349
26,19,67.682,49.033,0.275538548
26,20,69.192,49.798,0.280292519
26,21,70.582,50.335,0.286857839
26,22,72.181,51.265,0.289771547
26,23,73.436,51.936,0.292771937
26,24,74.857,52.784,0.294868883
26,25,76.52,53.768,0.29733403
26,26,77.955,54.749,0.297684562
26,27,79.4,55.905,0.295906801
26,28,80.979,57.047,0.29553341
26,29,82.542,58.26,0.29417751
26,30,84.051,59.276,0.294761514
26,31,85.543,60.633,0.291198578
26,32,87.143,61.854,0.290201164
26,33,88.323,63.295,0.283368998
26,34,89.867,64.638,0.280737089
26,35,91.309,65.877,0.278526761
26,36,93.062,67.301,0.276815456
26,37,94.39,68.667,0.272518275
26,38,95.922,70.196,0.268197077
26,39,97.43,71.812,0.262937494
26,40,98.858,73.282,0.25871452
26,41,100.324,74.611,0.256299589
26,42,101.69,75.972,0.25290589
26,43,103.314,77.396,0.250866291
26,44,105.198,78.835,0.250603624
26,45,106.378,80.328,0.24488146
26,46,107.794,82.106,0.238306399
26,47,109.469,83.459,0.237601513
26,48,110.89,84.875,0.234601858
26,49,112.326,86.553,0.229448213
26,50,113.951,87.852,0.229037042
27,1,41.92,41.041,0.020968511
27,2,43.646,41.561,0.047770701
27,3,44.893,42.058,0.063150157
27,4,46.65,42.393,0.091254019
27,5,48.106,42.906,0.108094624
27,6,49.399,43.55,0.118403207
27,7,50.89,44.105,0.133326783
27,8,52.556,44.529,0.152732324
27,9,53.841,44.862,0.166768819
27,10,55.624,45.787,0.176848123
27,11,57.1,46.016,0.194115587
27,12,58.392,46.431,0.204839704
27,13,59.868,46.919,0.21629251
27,14,61.451,47.396,0.228718817
27,15,62.823,48.071,0.234818458
27,16,64.663,48.604,0.248349133
27,17,65.959,49.08,0.255901393
27,18,67.496,49.821,0.26186737
27,19,68.95,50.319,0.270210297
27,20,70.368,51.174,0.27276603
27,21,72.016,51.636,0.282992668
27,22,73.642,52.43,0.28804215
27,23,75.042,53.174,0.291410144
27,24,76.402,54.072,0.292269836
27,25,78.186,54.916,0.297623615
27,26,79.471,55.835,0.297416668
27,27,80.999,56.956,0.296830825
27,28,82.448,57.906,0.297666408
27,29,84.075,59.062,0.297508177
27,30,85.431,60.103,0.296473177
27,31,87.036,61.436,0.294131164
27,32,88.345,62.737,0.289863603
27,33,89.837,63.998,0.287620913
27,34,91.391,65.358,0.284852994
27,35,93.009,66.823,0.281542646
27,36,94.562,67.886,0.282100632
27,37,95.841,69.418,0.275696205
27,38,97.58,70.777,0.274677188
27,39,98.85,72.305,0.268538189
27,40,100.683,73.69,0.268098885
27,41,102.167,75.014,0.265770748
27,42,103.499,76.607,0.259828597
27,43,105.056,78.035,0.257205681
27,44,106.945,79.344,0.258085932
27,45,108.091,80.918,0.251390032
27,46,109.368,82.494,0.245720869
27,47,110.87,84.163,0.240885722
27,48,112.421,85.569,0.238852172
27,49,113.909,87.145,0.234959485
27,50,115.725,88.377,0.236318859
28,1,43.576,42.449,0.02586286
28,2,45.093,42.884,0.048987648
28,3,46.519,43.475,0.065435628
28,4,47.883,44.101,0.078984191
28,5,49.596,44.501,0.102730059
28,6,50.94,44.893,0.118708284
28,7,52.659,45.546,0.135076625
28,8,54.164,45.897,0.152629053
28,9,55.59,46.336,0.166468789
28,10,56.854,46.928,0.17458754
28,11,58.331,47.594,0.18407022
28,12,60.071,48.01,0.200779078
28,13,61.629,48.404,0.214590534
28,14,62.869,49.074,0.219424518
28,15,64.407,49.613,0.22969553
28,16,66.075,50.167,0.240756716
28,17,67.275,50.685,0.246599777
28,18,68.979,51.33,0.255860479
28,19,70.585,51.803,0.266090529
28,20,72.134,52.431,0.273144426
28,21,73.558,53.045,0.278868376
28,22,74.988,53.56,0.285752387
28,23,76.358,54.668,0.28405668
28,24,77.883,55.223,0.290949244
28,25,79.466,56.145,0.293471422
28,26,80.902,57.045,0.294887642
28,27,82.291,57.939,0.295925435
28,28,84.338,58.915,0.301441817
28,29,85.302,59.947,0.297238048
28,30,87.137,61.019,0.2997349
28,31,88.475,62.257,0.296332297
28,32,89.812,63.647,0.29133078
28,33,91.675,64.665,0.294627761
28,34,93.001,66.054,0.289749573
28,35,94.586,67.295,0.288531072
28,36,95.872,68.673,0.283701185
28,37,97.449,70.053,0.281131669
28,38,99.011,71.401,0.278857905
28,39,100.396,73.007,0.272809674
28,40,102.215,74.359,0.272523602
28,41,103.531,75.787,0.267977707
28,42,105.175,77.057,0.267344901
28,43,106.419,78.848,0.259079676
28,44,108.154,80.195,0.258511012
28,45,109.474,81.615,0.254480516
28,46,110.882,83.241,0.249283022
28,47,112.491,84.343,0.250224462
28,48,113.89,85.967,0.245175169
28,49,115.349,87.5,0.241432522
28,50,117.079,89.073,0.239206006
29,1,44.952,43.936,0.022601886
29,2,46.482,44.518,0.042252915
29,3,48.04,45.001,0.063259784
29,4,49.504,45.471,0.081468164
29,5,50.998,46.052,0.096984195
29,6,52.55,46.36,0.117792578
29,7,54.167,46.983,0.132626876
29,8,55.637,47.436,0.147401909
29,9,56.865,47.983,0.156194496
29,10,58.439,48.515,0.169818101
29,11,60.015,48.819,0.186553362
29,12,61.678,49.577,0.196196375
29,13,63.172,49.956,0.209206611
29,14,64.382,50.544,0.214935852
29,15,66.105,50.942,0.229377505
29,16,67.456,51.558,0.235679554
29,17,68.961,52.1,0.244500515
29,18,70.476,52.732,0.251773653
29,19,72.076,53.241,0.261321383
29,20,73.404,53.797,0.267110784
29,21,75.183,54.583,0.273998111
29,22,76.608,55.096,0.280806182
29,23,78.143,55.848,0.285310265
29,24,79.458,56.59,0.287799844
29,25,80.956,57.377,0.291256979
29,26,82.622,58.042,0.297499455
29,27,83.791,59.135,0.294255946
29,28,85.433,59.974,0.297999602
29,29,86.861,60.974,0.298027884
29,30,88.738,62.146,0.299668688
29,31,90.175,63.241,0.298685889
29,32,91.478,64.304,0.29705503
29,33,92.894,65.442,0.295519625
29,34,94.293,66.858,0.29095479
29,35,95.942,67.97,0.291551145
29,36,97.458,69.473,0.287149336
29,37,99.05,70.619,0.28703685
29,38,100.408,72.028,0.282646801
29,39,102.048,73.431,0.280426858
29,40,103.685,74.965,0.276992815
29,41,104.976,76.171,0.274396052
29,42,106.511,77.547,0.271934354
29,43,107.981,79.131,0.267176633
29,44,109.284,80.556,0.262874712
29,45,110.881,82.234,0.25835806
29,46,112.4,83.407,0.25794484
29,47,114.141,85.063,0.254755084
29,48,115.48,86.599,0.250095255
29,49,117.07,88.387,0.245007261
29,50,118.574,89.395,0.246082615
30,1,46.521,45.394,0.024225619
30,2,47.835,45.987,0.0386328
30,3,49.345,46.461,0.058445638
30,4,51.093,46.895,0.082163897
30,5,52.428,47.574,0.092584115
30,6,53.882,47.97,0.109721243
30,7,55.673,48.508,0.128697933
30,8,56.985,49.049,0.139264719
30,9,58.701,49.492,0.156879781
30,10,59.99,49.981,0.166844474
30,11,61.498,50.497,0.178883866
30,12,63.096,50.9,0.19329276
30,13,64.545,51.669,0.199488729
30,14,66.23,52.087,0.213543711
30,15,67.395,52.382,0.222761332
30,16,68.934,53.062,0.230249224
30,17,70.511,53.718,0.238161422
30,18,72.052,54.209,0.247640593
30,19,73.606,54.633,0.257764313
30,20,74.973,55.218,0.263494858
30,21,76.651,55.769,0.272429583
30,22,77.953,56.461,0.275704591
30,23,79.767,57.149,0.283550842
30,24,81.136,57.965,0.285582232
30,25,82.41,58.752,0.287076811
30,26,83.945,59.397,0.292429567
30,27,85.656,59.993,0.299605398
30,28,87.162,61.028,0.299832496
30,29,88.684,62.174,0.298926526
30,30,90.142,63.049,0.300559118
30,31,91.418,64.152,0.298256361
30,32,93.151,65.239,0.299642516
30,33,94.578,66.565,0.296189389
30,34,95.948,67.569,0.295774795
30,35,97.653,68.806,0.295403111
30,36,98.963,70.359,0.289037317
30,37,100.623,71.447,0.289953589
30,38,102.019,72.649,0.28788755
30,39,103.45,74.11,0.283615273
30,40,105.089,75.4,0.282512918
30,41,106.509,76.882,0.278164287
30,42,108.044,78.33,0.275017585
30,43,109.508,79.771,0.271550937
30,44,111.065,81.103,0.269769955
30,45,112.534,82.643,0.265617502
30,46,113.654,83.991,0.260993894
30,47,115.624,85.703,0.258778454
30,48,117.054,87.16,0.255386403
30,49,118.492,88.679,0.251603484
30,50,119.904,90.085,0.248690619
31,1,47.86,47.005,0.017864605
31,2,49.58,47.58,0.040338846
31,3,51.058,48.043,0.059050492
31,4,52.585,48.476,0.078140154
31,5,53.958,49.101,0.090014456
31,6,55.475,49.604,0.105831456
31,7,56.928,50.106,0.119835582
31,8,58.631,50.483,0.138970852
31,9,60.12,50.903,0.153310047
31,10,61.573,51.459,0.164260309
31,11,63.079,52.003,0.17558934
31,12,64.523,52.707,0.183128497
31,13,65.935,52.977,0.196526883
31,14,67.571,53.386,0.209927336
31,15,68.906,54.055,0.215525499
31,16,70.17,54.518,0.223058287
31,17,71.917,55.003,0.235187786
31,18,73.503,55.726,0.241854074
31,19,75.154,56.217,0.251975943
31,20,76.45,56.544,0.260379333
31,21,77.805,57.299,0.263556327
31,22,79.538,57.889,0.272184365
31,23,80.901,58.584,0.275855675
31,24,82.334,59.262,0.280224452
31,25,83.969,59.809,0.287725232
31,26,85.454,60.594,0.290916751
31,27,87.215,61.375,0.29627931
31,28,88.435,62.16,0.297110872
31,29,89.947,63.222,0.297119415
31,30,91.332,64.172,0.297376604
31,31,93.103,65.111,0.300656262
31,32,94.392,66.2,0.298669379
31,33,96.291,67.356,0.300495373
31,34,97.489,68.579,0.296546277
31,35,98.913,69.598,0.296371559
31,36,100.584,70.852,0.295593733
31,37,101.927,72.078,0.292846841
31,38,103.539,73.31,0.29195762
31,39,105.151,74.945,0.287263079
31,40,106.638,76.242,0.285039104
31,41,108.275,77.439,0.28479335
31,42,109.3,78.633,0.280576395
31,43,110.83,80.525,0.273436795
31,44,112.278,81.714,0.272217175
31,45,113.953,82.988,0.271734838
31,46,115.314,84.569,0.266619838
31,47,117.055,86.066,0.264738798
31,48,118.575,87.577,0.261421042
31,49,119.895,89.072,0.257083281
31,50,121.59,90.546,0.255317049
32,1,49.559,48.519,0.020985088
32,2,50.919,48.797,0.041674031
32,3,52.601,49.591,0.057223247
32,4,54.048,50.049,0.073989787
32,5,55.521,50.399,0.092253382
32,6,57.026,51.061,0.10460141
32,7,58.489,51.548,0.118671887
32,8,60.124,51.881,0.137099993
32,9,61.51,52.485,0.14672411
32,10,62.861,52.985,0.157108541
32,11,64.479,53.537,0.169698662
32,12,65.894,53.972,0.180926943
32,13,67.459,54.494,0.192190812
32,14,68.809,54.888,0.202313651
32,15,70.568,55.563,0.212631788
32,16,71.814,55.892,0.221711644
32,17,73.373,56.388,0.231488422
32,18,74.928,57.174,0.23694747
32,19,76.556,57.41,0.250091436
32,20,77.905,58.198,0.252961941
32,21,79.524,58.714,0.261682008
32,22,81.07,59.301,0.268521031
32,23,82.649,59.92,0.275006352
32,24,84.044,60.448,0.280757698
32,25,85.51,61.322,0.282867501
32,26,86.836,62.015,0.285837671
32,27,88.534,62.647,0.292396142
32,28,89.868,63.612,0.292161837
32,29,91.793,64.28,0.299728737
32,30,92.984,65.301,0.297717887
32,31,94.679,66.145,0.301376229
32,32,95.981,67.241,0.299434263
32,33,97.56,68.209,0.300850759
32,34,98.991,69.342,0.299512077
32,35,100.338,70.408,0.298291774
32,36,101.877,71.526,0.297918078
32,37,103.607,72.875,0.296620885
32,38,105.211,74.01,0.296556444
32,39,106.511,75.591,0.290298655
32,40,108.051,76.72,0.289964924
32,41,109.387,78.063,0.286359439
32,42,111.038,79.478,0.284227021
32,43,112.49,80.937,0.280496044
32,44,114.227,82.218,0.280222714
32,45,115.563,83.641,0.276230281
32,46,116.745,85.085,0.271189344
32,47,118.379,86.526,0.269076441
32,48,120.028,88.214,0.265054821
32,49,121.516,89.63,0.262401659
32,50,123.075,91.163,0.259289051
33,1,51.122,49.983,0.022280036
33,2,52.428,50.365,0.039349203
33,3,53.968,51,0.054995553
33,4,55.443,51.483,0.071424706
33,5,56.927,51.918,0.087989882
33,6,58.498,52.375,0.104670245
33,7,60.113,52.98,0.118659857
33,8,61.407,53.682,0.12579999
33,9,62.883,53.977,0.141628103
33,10,64.611,54.562,0.155530792
33,11,66.115,55.002,0.168085911
33,12,67.696,55.439,0.181059442
33,13,69.045,56.186,0.186240857
33,14,70.53,56.637,0.196980009
33,15,71.941,56.996,0.207739676
33,16,73.598,57.671,0.216405337
33,17,74.978,58.144,0.224519192
33,18,76.457,58.542,0.234314713
33,19,78.107,59.145,0.242769534
33,20,79.419,59.638,0.249071381
33,21,81.187,60.137,0.259277963
33,22,82.459,60.752,0.263245977
33,23,84.153,61.202,0.272729433
33,24,85.429,61.948,0.274859825
33,25,86.974,62.475,0.281681882
33,26,88.588,63.183,0.28677699
33,27,90.048,64.118,0.287957534
33,28,91.477,64.85,0.291078632
33,29,93.144,65.659,0.295080735
33,30,94.419,66.447,0.296253932
33,31,95.834,67.271,0.298046622
33,32,97.599,68.316,0.300033812
33,33,99.051,69.262,0.300744061
33,34,100.441,70.192,0.301161876
33,35,101.939,71.282,0.300738677
33,36,103.409,72.411,0.299761143
33,37,105.075,73.731,0.298301213
33,38,106.505,74.994,0.295864044
33,39,108.094,76.109,0.295899865
33,40,109.147,77.349,0.291331874
33,41,111.167,78.913,0.29014006
33,42,112.514,80.239,0.286853192
33,43,114.232,81.533,0.286250788
33,44,115.528,82.816,0.283152136
33,45,116.775,84.26,0.278441447
33,46,118.481,85.799,0.275841696
33,47,120.063,87.24,0.273381475
33,48,121.602,88.632,0.271130409
33,49,123.083,90.222,0.266982443
33,50,124.347,91.399,0.264968194
34,1,52.548,51.431,0.021256756
34,2,54.074,52.19,0.034841144
34,3,55.492,52.579,0.052494053
34,4,56.929,53.088,0.067470006
34,5,58.389,53.471,0.084228194
34,6,60.252,53.87,0.105921795
34,7,61.408,54.734,0.108682908
34,8,62.877,55.094,0.123781351
34,9,64.502,55.719,0.13616632
34,10,66.136,56.091,0.151883997
34,11,67.652,56.514,0.16463667
34,12,69.01,57.035,0.173525576
34,13,70.375,57.521,0.182650089
34,14,72.128,58.006,0.195790816
34,15,73.617,58.523,0.205034163
34,16,75.018,59.058,0.21274894
34,17,76.247,59.643,0.217765945
34,18,77.895,60.15,0.227806663
34,19,79.655,60.488,0.240625196
34,20,81.02,61.109,0.245754135
34,21,82.418,61.624,0.252299255
34,22,84.044,62.468,0.256722669
34,23,85.536,62.79,0.26592312
34,24,87.009,63.48,0.270420301
34,25,88.367,64.037,0.275329026
34,26,89.995,64.622,0.281937885
34,27,91.579,65.304,0.286910755
34,28,93.126,65.952,0.291798209
34,29,94.607,66.756,0.29438625
34,30,96.118,67.692,0.295740652
34,31,97.375,68.314,0.298444159
34,32,98.856,69.356,0.298413854
34,33,100.609,70.17,0.302547486
34,34,102.199,71.279,0.302546992
34,35,103.501,72.365,0.300828011
34,36,105.003,73.225,0.302638972
34,37,106.518,74.717,0.29855048
34,38,108.044,75.692,0.299433564
34,39,109.575,77.128,0.296116815
34,40,110.893,78.062,0.296060166
34,41,112.713,79.629,0.293524261
34,42,113.795,80.74,0.290478492
34,43,115.45,82.291,0.287215245
34,44,116.965,83.484,0.286248023
34,45,118.727,84.928,0.284678296
34,46,119.851,86.338,0.279622198
34,47,121.727,87.695,0.279576429
34,48,123.009,89.378,0.273402759
34,49,124.781,90.787,0.272429296
34,50,125.76,91.977,0.268630725
35,1,53.975,52.93,0.019360815
35,2,55.508,53.372,0.03848094
35,3,56.971,53.965,0.052763687
35,4,58.374,54.293,0.069911262
35,5,60.045,54.943,0.084969606
35,6,61.648,55.439,0.100716974
35,7,62.936,56.032,0.109698742
35,8,64.361,56.553,0.121315704
35,9,65.752,57.155,0.130748875
35,10,67.536,57.494,0.148691068
35,11,69.009,57.992,0.159645843
35,12,70.356,58.438,0.169395645
35,13,71.728,59.09,0.176193397
35,14,73.654,59.443,0.192942678
35,15,75.092,59.972,0.201353007
35,16,76.777,60.557,0.211261185
35,17,77.989,60.991,0.217953814
35,18,79.514,61.633,0.224878638
35,19,81.013,61.973,0.235024008
35,20,82.339,62.457,0.241465162
35,21,83.836,63.241,0.24565819
35,22,85.449,63.538,0.256421959
35,23,87.047,64.239,0.262019369
35,24,88.674,64.651,0.270913684
35,25,89.99,65.389,0.273374819
35,26,91.226,66.055,0.275919146
35,27,93.001,66.66,0.283233514
35,28,94.558,67.5,0.286152414
35,29,96.097,68.128,0.291049669
35,30,97.744,68.869,0.295414552
35,31,98.968,69.438,0.298379274
35,32,100.581,70.549,0.29858522
35,33,102.08,71.299,0.301538009
35,34,103.429,72.242,0.301530519
35,35,104.547,73.308,0.298803409
35,36,106.307,74.271,0.301353627
35,37,108.057,75.539,0.300933766
35,38,109.845,76.5,0.303564113
35,39,110.918,77.793,0.298644043
35,40,112.302,79.063,0.2959787
35,41,113.942,80.156,0.296519282
35,42,115.807,81.47,0.296501939
35,43,116.61,82.958,0.288585885
35,44,118.593,84.233,0.289730423
35,45,120.127,85.556,0.287787092
35,46,121.457,86.81,0.285261451
35,47,123.088,88.477,0.281189068
35,48,124.404,89.723,0.27877721
35,49,125.931,90.952,0.27776322
35,50,127.614,92.795,0.272846239
36,1,55.536,54.482,0.01897868
36,2,56.84,55.099,0.030629838
36,3,58.563,55.372,0.054488329
36,4,59.948,55.849,0.068375926
36,5,61.683,56.521,0.083685943
36,6,62.97,57.222,0.091281563
36,7,64.614,57.601,0.10853685
36,8,66.003,57.72,0.125494296
36,9,67.521,58.357,0.135720739
36,10,69.052,59.051,0.14483288
36,11,70.401,59.281,0.157952302
36,12,71.873,59.804,0.167921194
36,13,73.577,60.672,0.175394485
36,14,74.983,61.083,0.185375352
36,15,76.605,61.388,0.198642386
36,16,78.107,62.04,0.205704994
36,17,79.585,62.572,0.213771439
36,18,81.135,62.943,0.224218894
36,19,82.359,63.624,0.227479693
36,20,83.884,64.094,0.235921034
36,21,85.505,64.625,0.244196246
36,22,86.929,65.126,0.250813883
36,23,88.532,65.649,0.258471513
36,24,89.956,66.064,0.265596514
36,25,91.415,66.865,0.268555489
36,26,93.172,67.364,0.276993088
36,27,94.488,68.117,0.279093642
36,28,96.173,68.676,0.285911846
36,29,97.429,69.383,0.287860904
36,30,98.893,70.055,0.291608102
36,31,100.786,70.81,0.297422261
36,32,101.815,71.612,0.296645877
36,33,103.502,72.455,0.299965218
36,34,105.029,73.404,0.301107313
36,35,106.48,74.277,0.302432382
36,36,108.059,75.436,0.301899888
36,37,109.59,76.388,0.302965599
36,38,111.031,77.457,0.302384019
36,39,112.546,78.7,0.300730368
36,40,113.917,79.701,0.300359033
36,41,115.562,81.112,0.298108375
36,42,117.106,82.334,0.29692757
36,43,118.524,83.489,0.295594141
36,44,120.062,84.927,0.292640469
36,45,121.574,86.221,0.290794084
36,46,122.753,87.545,0.286819874
36,47,124.681,89.048,0.285793345
36,48,125.987,90.753,0.279663775
36,49,127.331,92.071,0.276916069
36,50,129.062,93.113,0.278540546
37,1,57.045,55.92,0.019721273
37,2,58.703,56.532,0.036982778
37,3,60.16,56.862,0.054820479
37,4,61.588,57.411,0.067821654
37,5,63.037,57.998,0.07993718
37,6,64.5,58.547,0.092294574
37,7,65.991,59,0.105938689
37,8,67.57,59.483,0.119683291
37,9,68.921,59.966,0.129931371
37,10,70.537,60.492,0.142407531
37,11,72.088,61.089,0.152577405
37,12,73.402,61.529,0.161753086
37,13,74.906,61.894,0.173711051
37,14,76.357,62.698,0.178883403
37,15,78.116,63.075,0.192546981
37,16,79.385,63.56,0.199344964
37,17,81.199,64.091,0.21069225
37,18,82.579,64.5,0.218929752
37,19,83.84,65.109,0.223413645
37,20,85.4,65.555,0.232377049
37,21,87.004,65.971,0.241747506
37,22,88.507,66.858,0.244602122
37,23,89.981,67.051,0.254831576
37,24,91.371,67.577,0.260410852
37,25,92.817,68.146,0.265802601
37,26,94.564,68.812,0.272323506
37,27,95.811,69.423,0.275417228
37,28,97.33,70.128,0.279482174
37,29,99.247,70.645,0.288190071
37,30,100.369,71.469,0.287937511
37,31,101.933,72.09,0.292770742
37,32,103.327,72.887,0.294598701
37,33,104.904,73.793,0.296566385
37,34,106.504,74.651,0.299077969
37,35,108.084,75.379,0.302588727
37,36,109.39,76.469,0.300950727
37,37,111.138,77.343,0.304081412
37,38,112.397,78.44,0.302116605
37,39,113.793,79.62,0.300308455
37,40,115.671,80.77,0.301726448
37,41,116.964,82.13,0.297818132
37,42,118.425,83.114,0.298171839
37,43,119.952,84.346,0.296835401
37,44,121.942,85.626,0.297813715
37,45,122.89,86.694,0.294539832
37,46,124.276,88.148,0.290707779
37,47,126.143,89.676,0.289092538
37,48,127.351,90.898,0.286240391
37,49,128.859,92.672,0.28082633
37,50,130.443,93.824,0.280727981
38,1,58.469,57.355,0.019052831
38,2,59.906,57.913,0.033268788
38,3,61.514,58.61,0.047208765
38,4,62.811,59.065,0.059639235
38,5,64.528,59.481,0.078214109
38,6,66.131,59.973,0.093118205
38,7,67.632,60.457,0.106088834
38,8,68.94,61.062,0.114273281
38,9,70.595,61.555,0.128054395
38,10,72.101,62.05,0.139401673
38,11,73.418,62.396,0.150126672
38,12,75.016,62.899,0.161525541
38,13,76.686,63.539,0.171439376
38,14,77.982,64.121,0.177746147
38,15,79.536,64.536,0.188593844
38,16,81.206,64.934,0.200379282
38,17,82.511,65.485,0.206348244
38,18,83.877,65.956,0.213658095
38,19,85.421,66.634,0.219934208
38,20,87.018,66.99,0.230159277
38,21,88.434,67.371,0.238177624
38,22,90.019,68.209,0.242282185
38,23,91.197,68.622,0.247541038
38,24,93.007,69.317,0.254712011
38,25,94.482,69.678,0.262526195
38,26,95.983,70.179,0.268839274
38,27,97.569,70.675,0.275640829
38,28,98.916,71.345,0.278731449
38,29,100.716,71.932,0.285793717
38,30,102.026,72.7,0.287436536
38,31,103.612,73.308,0.292475775
38,32,104.921,74.231,0.29250579
38,33,106.526,74.819,0.297645645
38,34,107.892,75.529,0.299957365
38,35,109.487,76.55,0.300830236
38,36,111.069,77.487,0.302352592
38,37,112.597,78.442,0.303338455
38,38,113.941,79.487,0.302384567
38,39,115.415,80.468,0.302794264
38,40,117.154,81.592,0.303549175
38,41,118.608,82.772,0.302138136
38,42,120.122,83.671,0.303449826
38,43,121.632,85.132,0.300085504
38,44,123.139,86.61,0.296648503
38,45,124.419,87.715,0.295003175
38,46,125.911,89.029,0.29292119
38,47,127.351,90.31,0.290857551
38,48,129.065,91.618,0.290140627
38,49,130.307,92.976,0.286484993
38,50,131.986,94.42,0.284621096
39,1,60.097,59.031,0.01773799
39,2,61.663,59.645,0.03272627
39,3,63.046,59.945,0.049186308
39,4,64.624,60.333,0.06639948
39,5,66.155,61.138,0.075837049
39,6,67.547,61.454,0.090203858
39,7,68.933,61.95,0.101301264
39,8,70.444,62.543,0.112160014
39,9,72.095,62.984,0.126374922
39,10,73.714,63.626,0.136853244
39,11,75.086,63.833,0.149868151
39,12,76.416,64.679,0.153593488
39,13,78.071,65.104,0.166092403
39,14,79.394,65.391,0.176373529
39,15,81.096,65.967,0.186556674
39,16,82.348,66.433,0.193265167
39,17,83.815,67.119,0.19920062
39,18,85.744,67.498,0.212796231
39,19,86.928,67.812,0.219906129
39,20,88.68,68.438,0.228258908
39,21,89.915,69.031,0.232263805
39,22,91.437,69.589,0.238940473
39,23,92.911,70.121,0.245288502
39,24,94.497,70.6,0.252886335
39,25,95.831,71.228,0.256733207
39,26,97.494,71.824,0.263298254
39,27,99.214,72.235,0.271927349
39,28,100.733,72.868,0.276622358
39,29,102.114,73.512,0.280098713
39,30,103.83,74.212,0.285254743
39,31,104.901,74.735,0.287566372
39,32,106.452,75.542,0.290365611
39,33,107.618,76.191,0.292023639
39,34,109.549,77.04,0.296753051
39,35,110.936,77.638,0.300155044
39,36,112.508,78.596,0.301418566
39,37,114.148,79.648,0.302239198
39,38,115.572,80.49,0.303551033
39,39,117.028,81.456,0.303961445
39,40,118.862,82.551,0.305488718
39,41,120.254,83.589,0.304896303
39,42,121.708,84.879,0.302601308
39,43,123.283,85.961,0.302734359
39,44,124.776,87.105,0.301909021
39,45,126.063,88.331,0.299310662
39,46,127.249,89.466,0.296921783
39,47,129.1,91.082,0.294484895
39,48,130.339,92.269,0.292084487
39,49,132.064,93.661,0.290790829
39,50,133.351,95.204,0.286064596
40,1,61.561,60.371,0.01933042
40,2,62.968,60.904,0.032778554
40,3,64.432,61.333,0.048097219
40,4,65.883,62.055,0.058103001
40,5,67.446,62.61,0.071701806
40,6,69.191,63.038,0.088927751
40,7,70.529,63.506,0.099576061
40,8,72.053,64.033,0.111306955
40,9,73.71,64.424,0.125980193
40,10,74.93,65.103,0.131149072
40,11,76.606,65.398,0.146307078
40,12,77.997,65.949,0.15446748
40,13,79.67,66.487,0.165470064
40,14,81.008,67.23,0.170081967
40,15,82.411,67.462,0.181395687
40,16,83.941,67.914,0.190931726
40,17,85.592,68.518,0.19948126
40,18,87.091,69.076,0.206852602
40,19,88.518,69.397,0.216012562
40,20,89.976,70.11,0.220792211
40,21,91.515,70.561,0.228967929
40,22,93.014,71.18,0.234738857
40,23,94.62,71.601,0.243278377
40,24,95.873,71.866,0.250404181
40,25,97.596,72.638,0.255727694
40,26,99.077,73.002,0.263179143
40,27,100.539,73.832,0.26563821
40,28,101.866,74.232,0.271277953
40,29,103.509,74.787,0.277483117
40,30,105.157,75.398,0.282995901
40,31,106.441,75.992,0.28606458
40,32,108.016,76.612,0.290734706
40,33,109.423,77.7,0.289911627
40,34,110.809,78.287,0.293496016
40,35,112.419,78.986,0.297396348
40,36,113.796,79.834,0.298446343
40,37,115.369,80.721,0.30032331
40,38,117.253,81.608,0.304000751
40,39,118.479,82.581,0.302990403
40,40,120.14,83.623,0.303953721
40,41,121.285,84.488,0.303392835
40,42,122.965,85.652,0.303444069
40,43,124.672,86.926,0.302762449
40,44,126.069,88.001,0.301961624
40,45,127.32,89.202,0.29938737
40,46,129.154,90.392,0.300122335
40,47,130.499,91.66,0.297619139
40,48,131.913,92.842,0.296187639
40,49,133.502,94.396,0.292924451
40,50,134.963,95.777,0.290346243
41,1,63.093,62.056,0.016436055
41,2,64.423,62.475,0.030237648
41,3,65.982,63.077,0.044027159
41,4,67.599,63.698,0.057707954
41,5,69.064,63.911,0.074611954
41,6,70.488,64.346,0.087135399
41,7,72.2,65.055,0.098961219
41,8,73.502,65.474,0.109221518
41,9,74.96,66.016,0.119316969
41,10,76.539,66.599,0.129868433
41,11,78.16,66.992,0.142886387
41,12,79.451,67.395,0.151741325
41,13,81.131,68.014,0.161676794
41,14,82.335,68.638,0.166356956
41,15,83.778,68.909,0.177480962
41,16,85.468,69.679,0.184735808
41,17,86.851,70.012,0.193883778
41,18,88.381,70.619,0.200970797
41,19,90.038,70.961,0.211877207
41,20,91.594,71.507,0.219304758
41,21,92.925,71.975,0.225450632
41,22,94.292,72.385,0.232331481
41,23,96,72.94,0.240208333
41,24,97.423,73.504,0.245516972
41,25,99.241,73.994,0.254400903
41,26,100.515,74.745,0.256379645
41,27,102.115,75.323,0.262370856
41,28,103.477,75.69,0.268533104
41,29,105.094,76.304,0.27394523
41,30,106.394,76.657,0.279498844
41,31,107.836,77.458,0.281705553
41,32,109.544,78.017,0.287802162
41,33,110.997,78.825,0.289845672
41,34,112.677,79.536,0.294123912
41,35,114.024,80.44,0.294534484
41,36,115.581,81.107,0.298267016
41,37,117.261,81.901,0.301549535
41,38,118.527,82.78,0.30159373
41,39,119.826,83.682,0.301637374
41,40,121.485,84.6,0.303617731
41,41,123.12,85.617,0.304605263
41,42,124.551,86.8,0.303096723
41,43,125.841,87.847,0.301920678
41,44,127.715,88.845,0.304349528
41,45,128.894,90.052,0.301348395
41,46,130.406,91.171,0.300868058
41,47,131.845,92.562,0.297948348
41,48,133.88,93.595,0.300903794
41,49,134.889,95.203,0.294212278
41,50,136.591,96.413,0.294148224
42,1,64.458,63.477,0.015219213
42,2,66.075,64.006,0.031312902
42,3,67.585,64.548,0.044936007
42,4,69.046,64.814,0.061292472
42,5,70.611,65.491,0.072509949
42,6,71.8,66.167,0.078454039
42,7,73.373,66.31,0.096261568
42,8,74.922,67.108,0.104295134
42,9,76.301,67.502,0.11531959
42,10,78.03,67.741,0.131859541
42,11,79.651,68.472,0.140349776
42,12,81.009,68.859,0.149983335
42,13,82.508,69.329,0.159729966
42,14,84.087,70.005,0.167469407
42,15,85.561,70.746,0.173151319
42,16,86.868,71.211,0.180238983
42,17,88.528,71.785,0.189126604
42,18,89.94,71.878,0.200822771
42,19,91.393,72.373,0.208112219
42,20,93.249,73.002,0.217128334
42,21,94.317,73.367,0.222123265
42,22,96.235,73.838,0.232732374
42,23,97.561,74.377,0.237635941
42,24,98.886,74.934,0.242218312
42,25,100.386,75.574,0.247165939
42,26,102.117,76.18,0.253992969
42,27,103.621,76.603,0.260738653
42,28,105.186,77.291,0.265196889
42,29,106.801,77.709,0.272394453
42,30,108.027,78.459,0.27370935
42,31,109.504,79.074,0.277889392
42,32,110.835,79.443,0.283231831
42,33,112.557,79.988,0.289355615
42,34,113.852,80.806,0.290254014
42,35,115.199,81.529,0.292276843
42,36,116.924,82.163,0.297295679
42,37,118.215,82.938,0.298413907
42,38,119.873,83.971,0.299500304
42,39,121.664,84.717,0.303680629
42,40,122.844,85.852,0.301129888
42,41,124.418,86.857,0.301893617
42,42,126.285,87.573,0.30654472
42,43,127.522,88.451,0.306386349
42,44,129.072,89.714,0.304930581
42,45,130.649,90.89,0.304319206
42,46,132.148,92.094,0.303099555
42,47,133.515,93.249,0.301584092
42,48,135.313,94.582,0.301013206
42,49,136.67,95.689,0.299853662
42,50,138.059,97.005,0.297365619
43,1,66.048,64.862,0.017956638
43,2,67.284,65.413,0.027807503
43,3,69.145,66.026,0.045108106
43,4,70.659,66.53,0.058435585
43,5,72.123,66.916,0.072196109
43,6,73.532,67.394,0.083473862
43,7,74.947,68.146,0.090744126
43,8,76.348,68.488,0.102949652
43,9,78.017,68.955,0.116154172
43,10,79.387,69.455,0.125108645
43,11,81.059,69.895,0.137726841
43,12,82.21,70.478,0.1427077
43,13,83.829,71.008,0.152942299
43,14,85.521,71.548,0.163386771
43,15,86.954,71.83,0.173931044
43,16,88.4,72.514,0.179705882
43,17,90.102,72.919,0.190706089
43,18,91.548,73.514,0.196989557
43,19,93.059,73.95,0.205342847
43,20,94.39,74.511,0.210604937
43,21,96.004,75.119,0.217543019
43,22,97.561,75.376,0.227396193
43,23,98.883,76.038,0.231030612
43,24,100.872,76.58,0.240820049
43,25,102.189,76.987,0.246621456
43,26,103.621,77.458,0.25248743
43,27,104.96,78.009,0.256774009
43,28,106.707,78.532,0.264040785
43,29,107.97,78.938,0.268889506
43,30,109.521,79.717,0.272130459
43,31,110.87,80.245,0.276224407
43,32,112.655,80.987,0.281106032
43,33,114.043,81.649,0.284050753
43,34,115.524,82.219,0.288295073
43,35,116.939,82.916,0.290946562
43,36,118.225,83.585,0.293000634
43,37,119.853,84.383,0.295945867
43,38,121.642,85.148,0.300011509
43,39,122.962,85.835,0.30193881
43,40,124.694,86.992,0.302356168
43,41,126.126,87.822,0.303696304
43,42,127.531,88.747,0.304114294
43,43,128.854,89.551,0.305019635
43,44,130.412,90.724,0.304327823
43,45,131.984,91.86,0.304006546
43,46,133.446,92.979,0.303246257
43,47,134.758,94.156,0.301295656
43,48,136.666,95.155,0.303740506
43,49,138.046,96.552,0.300580966
43,50,139.183,97.909,0.296544837
44,1,67.547,66.26,0.0190534
44,2,69.02,67.071,0.028238192
44,3,70.483,67.461,0.042875587
44,4,72.35,67.976,0.060456116
44,5,73.578,68.542,0.068444372
44,6,74.974,69.025,0.079347507
44,7,76.248,69.551,0.087831812
44,8,78.083,70.117,0.102019646
44,9,79.493,70.497,0.113167197
44,10,81.216,71.014,0.125615642
44,11,82.654,71.46,0.135432042
44,12,84.039,71.932,0.144064065
44,13,85.296,72.552,0.149409116
44,14,86.943,72.907,0.161439104
44,15,88.519,73.407,0.17072041
44,16,89.958,73.882,0.178705618
44,17,91.671,74.535,0.186929345
44,18,92.943,74.943,0.193667086
44,19,94.239,75.52,0.198633262
44,20,95.941,76.075,0.207064759
44,21,97.508,76.521,0.215233622
44,22,99.066,77.048,0.22225587
44,23,100.342,77.644,0.226206374
44,24,101.979,78.086,0.234293335
44,25,103.555,78.458,0.242354304
44,26,105.022,79.271,0.245196245
44,27,106.531,79.6,0.252799655
44,28,107.991,79.892,0.260197609
44,29,109.375,80.762,0.261604571
44,30,111.168,81.209,0.26949302
44,31,112.708,81.843,0.273849239
44,32,113.93,82.306,0.277573949
44,33,115.453,82.916,0.281820308
44,34,116.832,83.613,0.284331348
44,35,118.501,84.301,0.288605159
44,36,120.168,84.851,0.293896878
44,37,121.549,85.596,0.295790175
44,38,123.063,86.313,0.298627532
44,39,124.487,87.207,0.299469021
44,40,125.926,87.874,0.302177469
44,41,127.564,88.911,0.303008686
44,42,129.026,89.708,0.304729279
44,43,130.648,90.798,0.305018064
44,44,132.038,91.708,0.305442373
44,45,133.572,92.754,0.305587997
44,46,135.166,93.806,0.305994111
44,47,136.385,94.988,0.303530447
44,48,138.009,96.109,0.303603388
44,49,139.768,97.395,0.303166676
44,50,140.951,98.51,0.301104639
45,1,68.858,67.97,0.012896105
45,2,70.373,68.355,0.028675771
45,3,71.913,69.047,0.039853712
45,4,73.627,69.714,0.053146264
45,5,75.036,69.899,0.068460472
45,6,76.568,70.429,0.080177097
45,7,78.105,71.324,0.086819026
45,8,79.514,71.588,0.099680559
45,9,80.946,72.041,0.110011613
45,10,82.484,72.539,0.120568838
45,11,84.281,73.065,0.13307863
45,12,85.639,73.519,0.141524306
45,13,86.81,73.977,0.147828591
45,14,88.465,74.558,0.157203414
45,15,90.018,75.109,0.165622431
45,16,91.568,75.568,0.174733531
45,17,92.938,76.002,0.182229013
45,18,94.461,76.579,0.189305639
45,19,95.994,77.164,0.196158093
45,20,97.447,77.697,0.202674274
45,21,99.008,78.123,0.21094255
45,22,100.602,78.563,0.219071191
45,23,102.025,79.052,0.225170301
45,24,103.635,79.505,0.232836397
45,25,104.858,80.027,0.236805966
45,26,106.473,80.629,0.242728203
45,27,107.964,81.124,0.248601386
45,28,109.566,81.715,0.254193819
45,29,110.948,82.253,0.258634676
45,30,112.478,82.603,0.265607497
45,31,114.051,83.104,0.271343522
45,32,115.439,83.898,0.273226553
45,33,117.079,84.399,0.279127768
45,34,118.963,84.601,0.288846112
45,35,120.113,85.747,0.286113909
45,36,121.66,86.266,0.29092553
45,37,122.989,86.96,0.292944898
45,38,124.471,87.821,0.294446096
45,39,126.132,88.438,0.298845654
45,40,127.626,89.184,0.301208218
45,41,128.926,90.077,0.301327894
45,42,130.641,90.836,0.304689952
45,43,131.727,91.813,0.303005458
45,44,133.687,92.846,0.305497169
45,45,134.93,93.746,0.305224931
45,46,136.631,94.895,0.305465085
45,47,137.756,95.762,0.304843346
45,48,139.497,97.099,0.303934852
45,49,140.701,98.173,0.30225798
45,50,142.486,99.296,0.303117499
46,1,70.592,69.431,0.016446623
46,2,72.114,70.008,0.029203761
46,3,73.352,70.819,0.034532119
46,4,75.053,71.018,0.053762008
46,5,76.536,71.58,0.064753841
46,6,77.901,71.916,0.076828282
46,7,79.645,72.629,0.088090903
46,8,81.219,72.931,0.102045088
46,9,82.533,73.683,0.107229835
46,10,84.104,73.902,0.121302197
46,11,85.533,74.504,0.128944384
46,12,87.048,74.972,0.138728058
46,13,88.363,75.376,0.146973281
46,14,89.918,76.011,0.154663138
46,15,91.323,76.534,0.16194168
46,16,93.131,76.785,0.175516208
46,17,94.546,77.468,0.18063165
46,18,95.858,78.006,0.186233804
46,19,97.392,78.497,0.194009775
46,20,98.798,79.008,0.200307699
46,21,100.572,79.543,0.209093982
46,22,102.019,79.928,0.216538096
46,23,103.516,80.449,0.222835117
46,24,105.028,81.054,0.228262939
46,25,106.512,81.446,0.235334986
46,26,107.953,82.18,0.238742786
46,27,109.306,82.613,0.244204344
46,28,111.18,83.028,0.253211009
46,29,112.592,83.706,0.25655464
46,30,114.199,84.012,0.264336816
46,31,115.589,84.548,0.268546315
46,32,116.745,85.176,0.270409868
46,33,118.576,85.681,0.277417015
46,34,119.71,86.348,0.278690168
46,35,121.631,86.963,0.285026021
46,36,123.013,87.8,0.286254298
46,37,124.438,88.182,0.291357945
46,38,125.824,89.009,0.292591239
46,39,127.674,89.512,0.298901891
46,40,128.98,90.415,0.298999845
46,41,130.418,91.249,0.30033431
46,42,131.842,91.929,0.302733575
46,43,133.643,93.005,0.304078777
46,44,135.001,93.927,0.304249598
46,45,136.598,94.868,0.305494956
46,46,138.012,95.662,0.306857375
46,47,139.595,96.939,0.305569684
46,48,140.88,98.045,0.304053095
46,49,142.59,99.055,0.305315941
46,50,144.084,100.172,0.304766664
47,1,72.215,70.991,0.016949387
47,2,73.479,71.421,0.028008002
47,3,75.086,72.065,0.040233865
47,4,76.549,72.54,0.052371683
47,5,78.033,72.871,0.0661515
47,6,79.455,73.593,0.07377761
47,7,80.887,74.092,0.084006083
47,8,82.522,74.361,0.09889484
47,9,84.061,75.062,0.107053211
47,10,85.576,75.373,0.119227353
47,11,87.031,75.928,0.127575232
47,12,88.583,76.549,0.135849994
47,13,90.122,77.002,0.145580435
47,14,91.664,77.565,0.153811747
47,15,92.856,78.053,0.159418885
47,16,94.516,78.5,0.169452791
47,17,96.059,79.065,0.176912106
47,18,97.379,79.437,0.184249171
47,19,99.055,80.082,0.191540054
47,20,100.19,80.494,0.196586486
47,21,102.1,81.052,0.206150833
47,22,103.521,81.416,0.213531554
47,23,104.756,82.071,0.216550842
47,24,106.659,82.4,0.227444473
47,25,107.963,82.997,0.23124589
47,26,109.604,83.408,0.239005876
47,27,111.212,83.943,0.24519836
47,28,112.491,84.597,0.247966504
47,29,113.967,85.112,0.253187326
47,30,115.535,85.538,0.259635608
47,31,117.095,86.151,0.264264059
47,32,118.379,86.534,0.269008861
47,33,119.891,87.043,0.2739822
47,34,121.315,87.826,0.276049953
47,35,122.773,88.383,0.280110448
47,36,124.467,89.109,0.284075297
47,37,125.865,89.669,0.287577961
47,38,127.498,90.323,0.291573201
47,39,128.838,91.148,0.292537916
47,40,130.374,91.569,0.297643702
47,41,131.958,92.47,0.29924673
47,42,133.356,93.073,0.302071148
47,43,135.044,94.009,0.303863926
47,44,136.188,94.907,0.303117749
47,45,137.938,95.891,0.304825356
47,46,139.506,96.808,0.306065689
47,47,141.137,97.673,0.307956099
47,48,142.483,98.97,0.305390819
47,49,144.037,100.02,0.30559509
47,50,145.34,101.046,0.304761249
48,1,73.265,72.541,0.009881935
48,2,74.974,73.023,0.026022354
48,3,76.427,73.423,0.039305481
48,4,77.923,73.967,0.050768066
48,5,79.607,74.576,0.06319796
48,6,80.974,75.068,0.072936992
48,7,82.541,75.352,0.08709611
48,8,84.066,76.103,0.094723194
48,9,85.465,76.576,0.104007488
48,10,87.143,77.005,0.116337514
48,11,88.443,77.45,0.124294744
48,12,90.054,77.878,0.135207764
48,13,91.553,78.614,0.141327974
48,14,93.141,79.01,0.151716215
48,15,94.378,79.586,0.156731442
48,16,96.099,79.863,0.16895077
48,17,97.538,80.63,0.173347823
48,18,98.974,80.935,0.182259987
48,19,100.64,81.466,0.190520668
48,20,102.207,81.989,0.19781424
48,21,103.342,82.563,0.201070233
48,22,105.028,82.807,0.211572152
48,23,106.425,83.67,0.213812544
48,24,107.888,84.137,0.220144965
48,25,109.634,84.454,0.229673277
48,26,110.725,84.897,0.233262587
48,27,112.562,85.366,0.241609069
48,28,113.985,86.051,0.245067333
48,29,115.634,86.339,0.253342443
48,30,117.057,87.28,0.254380345
48,31,118.118,87.641,0.258021639
48,32,120.063,88.093,0.266276871
48,33,121.205,88.736,0.267884988
48,34,122.973,89.206,0.274588731
48,35,124.476,89.7,0.279379157
48,36,125.87,90.416,0.281671566
48,37,127.422,91.076,0.285241167
48,38,129.211,91.679,0.290470626
48,39,130.305,92.309,0.291592802
48,40,131.645,92.78,0.295225797
48,41,133.446,93.9,0.296344589
48,42,134.97,94.459,0.300148181
48,43,136.376,95.177,0.30209861
48,44,138.011,96.192,0.303012079
48,45,139.8,97.005,0.30611588
48,46,140.701,97.899,0.304205372
48,47,142.557,98.807,0.306894786
48,48,144.184,99.891,0.307197747
48,49,145.565,100.833,0.307299145
48,50,146.942,102.059,0.305447047
49,1,74.989,74.049,0.012535172
49,2,76.725,74.497,0.029038775
49,3,78.179,75.041,0.040138656
49,4,79.523,75.544,0.050035839
49,5,80.82,75.837,0.061655531
49,6,82.505,76.561,0.072044119
49,7,83.988,76.909,0.08428585
49,8,85.524,77.542,0.093330527
49,9,87.264,78.121,0.104774019
49,10,88.357,78.557,0.11091368
49,11,90.145,79.058,0.122990737
49,12,91.489,79.389,0.132256337
49,13,92.987,80.126,0.138309656
49,14,94.354,80.631,0.145441635
49,15,95.824,81.088,0.153781934
49,16,97.545,81.505,0.164436927
49,17,99.309,81.962,0.174677018
49,18,100.416,82.455,0.178865918
49,19,101.799,82.874,0.185905559
49,20,103.4,83.504,0.192417795
49,21,104.877,83.922,0.199805486
49,22,106.472,84.276,0.208467954
49,23,107.75,85.026,0.210895592
49,24,109.511,85.674,0.217667632
49,25,110.89,85.972,0.224709171
49,26,112.473,86.476,0.231139918
49,27,114.048,86.994,0.237215909
49,28,115.531,87.491,0.242705421
49,29,117.071,88.079,0.247644592
49,30,118.387,88.495,0.252493939
49,31,119.953,89.097,0.257234083
49,32,121.415,89.465,0.263147058
49,33,122.799,90.189,0.265555908
49,34,124.845,90.809,0.272626056
49,35,126.155,91.135,0.277595022
49,36,127.278,91.667,0.279789123
49,37,129.021,92.455,0.283411228
49,38,130.549,92.983,0.287754023
49,39,131.758,93.895,0.28736775
49,40,133.649,94.338,0.294136133
49,41,134.679,94.88,0.295510065
49,42,136.626,95.895,0.298120416
49,43,137.722,96.588,0.298674141
49,44,139.323,97.315,0.301515184
49,45,140.95,98.179,0.303448031
49,46,142.649,98.982,0.30611501
49,47,143.678,99.878,0.304848341
49,48,145.318,101.043,0.30467664
49,49,146.711,102.062,0.304333008
49,50,148.706,103.03,0.307156403
50,1,76.347,75.633,0.009352037
50,2,78.24,76.122,0.027070552
50,3,79.4,76.374,0.038110831
50,4,81.041,77.12,0.048382917
50,5,82.588,77.309,0.063919698
50,6,83.851,78.088,0.068729055
50,7,85.299,78.545,0.079180295
50,8,87.039,79.112,0.091074116
50,9,88.628,79.429,0.103793384
50,10,90.045,79.825,0.113498806
50,11,91.556,80.583,0.119850146
50,12,93.091,81.002,0.129862178
50,13,94.566,81.505,0.138115179
50,14,95.938,82.048,0.144781004
50,15,97.588,82.594,0.15364594
50,16,99.061,83.201,0.160103371
50,17,100.458,83.388,0.169921758
50,18,101.761,83.867,0.175843398
50,19,103.584,84.573,0.183532206
50,20,105.241,84.972,0.192596041
50,21,106.234,85.582,0.194401039
50,22,107.874,86.007,0.202708716
50,23,109.498,86.483,0.210186487
50,24,111.055,86.942,0.217126649
50,25,112.679,87.648,0.222144321
50,26,114.009,87.957,0.228508276
50,27,115.304,88.514,0.23234233
50,28,117.028,88.975,0.239711864
50,29,118.693,89.621,0.244934411
50,30,120.125,89.951,0.251188345
50,31,121.564,90.414,0.256243625
50,32,123.051,91.205,0.25880326
50,33,124.752,91.648,0.265358471
50,34,126.14,92.029,0.270421754
50,35,127.432,92.367,0.275166363
50,36,129.137,93.06,0.279369971
50,37,130.463,93.694,0.281834696
50,38,131.902,94.381,0.284461191
50,39,133.554,95.084,0.28804828
50,40,135.014,95.657,0.291503103
50,41,136.289,96.356,0.29300237
50,42,138.026,96.86,0.298248156
50,43,139.413,97.791,0.298551785
50,44,141.078,98.648,0.30075561
50,45,142.83,99.411,0.303990758
50,46,143.806,100.087,0.304013741
50,47,145.406,101.179,0.304162139
50,48,146.939,102.084,0.305262728
50,49,148.49,102.996,0.306377534
50,50,150.022,103.857,0.307721534